[
  {
    "name": "Application Start",
    "start": 1574147268324,
    "end": 1574147269146,
    "duration": 822,
    "pid": 156148,
    "index": 0
  },
  {
    "name": "Load Plugin",
    "start": 1574147268335,
    "end": 1574147268375,
    "duration": 40,
    "pid": 156148,
    "index": 1
  },
  {
    "name": "Load Config",
    "start": 1574147268376,
    "end": 1574147268420,
    "duration": 44,
    "pid": 156148,
    "index": 2
  },
  {
    "name": "Require(0) config/config.default.js",
    "start": 1574147268377,
    "end": 1574147268378,
    "duration": 1,
    "pid": 156148,
    "index": 3
  },
  {
    "name": "Require(1) node_modules/_egg-session@3.1.0@egg-session/config/config.default.js",
    "start": 1574147268382,
    "end": 1574147268383,
    "duration": 1,
    "pid": 156148,
    "index": 4
  },
  {
    "name": "Require(2) node_modules/_egg-security@2.7.1@egg-security/config/config.default.js",
    "start": 1574147268384,
    "end": 1574147268385,
    "duration": 1,
    "pid": 156148,
    "index": 5
  },
  {
    "name": "Require(3) node_modules/_egg-jsonp@2.0.0@egg-jsonp/config/config.default.js",
    "start": 1574147268386,
    "end": 1574147268387,
    "duration": 1,
    "pid": 156148,
    "index": 6
  },
  {
    "name": "Require(4) node_modules/_egg-onerror@2.1.0@egg-onerror/config/config.default.js",
    "start": 1574147268388,
    "end": 1574147268389,
    "duration": 1,
    "pid": 156148,
    "index": 7
  },
  {
    "name": "Require(5) node_modules/_egg-i18n@2.1.1@egg-i18n/config/config.default.js",
    "start": 1574147268390,
    "end": 1574147268390,
    "duration": 0,
    "pid": 156148,
    "index": 8
  },
  {
    "name": "Require(6) node_modules/_egg-watcher@3.1.0@egg-watcher/config/config.default.js",
    "start": 1574147268392,
    "end": 1574147268393,
    "duration": 1,
    "pid": 156148,
    "index": 9
  },
  {
    "name": "Require(7) node_modules/_egg-schedule@3.6.4@egg-schedule/config/config.default.js",
    "start": 1574147268394,
    "end": 1574147268394,
    "duration": 0,
    "pid": 156148,
    "index": 10
  },
  {
    "name": "Require(8) node_modules/_egg-multipart@2.9.1@egg-multipart/config/config.default.js",
    "start": 1574147268396,
    "end": 1574147268396,
    "duration": 0,
    "pid": 156148,
    "index": 11
  },
  {
    "name": "Require(9) node_modules/_egg-development@2.4.3@egg-development/config/config.default.js",
    "start": 1574147268398,
    "end": 1574147268398,
    "duration": 0,
    "pid": 156148,
    "index": 12
  },
  {
    "name": "Require(10) node_modules/_egg-logrotator@3.1.0@egg-logrotator/config/config.default.js",
    "start": 1574147268399,
    "end": 1574147268400,
    "duration": 1,
    "pid": 156148,
    "index": 13
  },
  {
    "name": "Require(11) node_modules/_egg-static@2.2.0@egg-static/config/config.default.js",
    "start": 1574147268401,
    "end": 1574147268402,
    "duration": 1,
    "pid": 156148,
    "index": 14
  },
  {
    "name": "Require(12) node_modules/_egg-view@2.1.2@egg-view/config/config.default.js",
    "start": 1574147268403,
    "end": 1574147268404,
    "duration": 1,
    "pid": 156148,
    "index": 15
  },
  {
    "name": "Require(13) node_modules/_egg@2.25.0@egg/config/config.default.js",
    "start": 1574147268405,
    "end": 1574147268406,
    "duration": 1,
    "pid": 156148,
    "index": 16
  },
  {
    "name": "Require(14) config/config.default.js",
    "start": 1574147268410,
    "end": 1574147268410,
    "duration": 0,
    "pid": 156148,
    "index": 17
  },
  {
    "name": "Require(15) node_modules/_egg-security@2.7.1@egg-security/config/config.local.js",
    "start": 1574147268411,
    "end": 1574147268412,
    "duration": 1,
    "pid": 156148,
    "index": 18
  },
  {
    "name": "Require(16) node_modules/_egg-watcher@3.1.0@egg-watcher/config/config.local.js",
    "start": 1574147268414,
    "end": 1574147268415,
    "duration": 1,
    "pid": 156148,
    "index": 19
  },
  {
    "name": "Require(17) node_modules/_egg-view@2.1.2@egg-view/config/config.local.js",
    "start": 1574147268418,
    "end": 1574147268418,
    "duration": 0,
    "pid": 156148,
    "index": 20
  },
  {
    "name": "Require(18) node_modules/_egg@2.25.0@egg/config/config.local.js",
    "start": 1574147268419,
    "end": 1574147268420,
    "duration": 1,
    "pid": 156148,
    "index": 21
  },
  {
    "name": "Load extend/application.js",
    "start": 1574147268424,
    "end": 1574147268458,
    "duration": 34,
    "pid": 156148,
    "index": 22
  },
  {
    "name": "Require(19) node_modules/_egg-session@3.1.0@egg-session/app/extend/application.js",
    "start": 1574147268426,
    "end": 1574147268426,
    "duration": 0,
    "pid": 156148,
    "index": 23
  },
  {
    "name": "Require(20) node_modules/_egg-security@2.7.1@egg-security/app/extend/application.js",
    "start": 1574147268427,
    "end": 1574147268430,
    "duration": 3,
    "pid": 156148,
    "index": 24
  },
  {
    "name": "Require(21) node_modules/_egg-jsonp@2.0.0@egg-jsonp/app/extend/application.js",
    "start": 1574147268431,
    "end": 1574147268436,
    "duration": 5,
    "pid": 156148,
    "index": 25
  },
  {
    "name": "Require(22) node_modules/_egg-logrotator@3.1.0@egg-logrotator/app/extend/application.js",
    "start": 1574147268440,
    "end": 1574147268446,
    "duration": 6,
    "pid": 156148,
    "index": 26
  },
  {
    "name": "Require(23) node_modules/_egg-view@2.1.2@egg-view/app/extend/application.js",
    "start": 1574147268447,
    "end": 1574147268451,
    "duration": 4,
    "pid": 156148,
    "index": 27
  },
  {
    "name": "Load extend/request.js",
    "start": 1574147268459,
    "end": 1574147268477,
    "duration": 18,
    "pid": 156148,
    "index": 28
  },
  {
    "name": "Require(24) node_modules/_egg@2.25.0@egg/app/extend/request.js",
    "start": 1574147268465,
    "end": 1574147268468,
    "duration": 3,
    "pid": 156148,
    "index": 29
  },
  {
    "name": "Load extend/response.js",
    "start": 1574147268477,
    "end": 1574147268497,
    "duration": 20,
    "pid": 156148,
    "index": 30
  },
  {
    "name": "Require(25) node_modules/_egg@2.25.0@egg/app/extend/response.js",
    "start": 1574147268484,
    "end": 1574147268489,
    "duration": 5,
    "pid": 156148,
    "index": 31
  },
  {
    "name": "Load extend/context.js",
    "start": 1574147268497,
    "end": 1574147268630,
    "duration": 133,
    "pid": 156148,
    "index": 32
  },
  {
    "name": "Require(26) node_modules/_egg-security@2.7.1@egg-security/app/extend/context.js",
    "start": 1574147268499,
    "end": 1574147268528,
    "duration": 29,
    "pid": 156148,
    "index": 33
  },
  {
    "name": "Require(27) node_modules/_egg-jsonp@2.0.0@egg-jsonp/app/extend/context.js",
    "start": 1574147268529,
    "end": 1574147268532,
    "duration": 3,
    "pid": 156148,
    "index": 34
  },
  {
    "name": "Require(28) node_modules/_egg-i18n@2.1.1@egg-i18n/app/extend/context.js",
    "start": 1574147268534,
    "end": 1574147268535,
    "duration": 1,
    "pid": 156148,
    "index": 35
  },
  {
    "name": "Require(29) node_modules/_egg-multipart@2.9.1@egg-multipart/app/extend/context.js",
    "start": 1574147268536,
    "end": 1574147268613,
    "duration": 77,
    "pid": 156148,
    "index": 36
  },
  {
    "name": "Require(30) node_modules/_egg-view@2.1.2@egg-view/app/extend/context.js",
    "start": 1574147268614,
    "end": 1574147268616,
    "duration": 2,
    "pid": 156148,
    "index": 37
  },
  {
    "name": "Require(31) node_modules/_egg@2.25.0@egg/app/extend/context.js",
    "start": 1574147268616,
    "end": 1574147268622,
    "duration": 6,
    "pid": 156148,
    "index": 38
  },
  {
    "name": "Load extend/helper.js",
    "start": 1574147268630,
    "end": 1574147268696,
    "duration": 66,
    "pid": 156148,
    "index": 39
  },
  {
    "name": "Require(32) node_modules/_egg-security@2.7.1@egg-security/app/extend/helper.js",
    "start": 1574147268631,
    "end": 1574147268680,
    "duration": 49,
    "pid": 156148,
    "index": 40
  },
  {
    "name": "Require(33) node_modules/_egg@2.25.0@egg/app/extend/helper.js",
    "start": 1574147268686,
    "end": 1574147268687,
    "duration": 1,
    "pid": 156148,
    "index": 41
  },
  {
    "name": "Load app.js",
    "start": 1574147268697,
    "end": 1574147268774,
    "duration": 77,
    "pid": 156148,
    "index": 42
  },
  {
    "name": "Require(34) node_modules/_egg-session@3.1.0@egg-session/app.js",
    "start": 1574147268698,
    "end": 1574147268699,
    "duration": 1,
    "pid": 156148,
    "index": 43
  },
  {
    "name": "Require(35) node_modules/_egg-security@2.7.1@egg-security/app.js",
    "start": 1574147268700,
    "end": 1574147268704,
    "duration": 4,
    "pid": 156148,
    "index": 44
  },
  {
    "name": "Require(36) node_modules/_egg-onerror@2.1.0@egg-onerror/app.js",
    "start": 1574147268705,
    "end": 1574147268729,
    "duration": 24,
    "pid": 156148,
    "index": 45
  },
  {
    "name": "Require(37) node_modules/_egg-i18n@2.1.1@egg-i18n/app.js",
    "start": 1574147268730,
    "end": 1574147268746,
    "duration": 16,
    "pid": 156148,
    "index": 46
  },
  {
    "name": "Require(38) node_modules/_egg-watcher@3.1.0@egg-watcher/app.js",
    "start": 1574147268747,
    "end": 1574147268755,
    "duration": 8,
    "pid": 156148,
    "index": 47
  },
  {
    "name": "Require(39) node_modules/_egg-schedule@3.6.4@egg-schedule/app.js",
    "start": 1574147268756,
    "end": 1574147268761,
    "duration": 5,
    "pid": 156148,
    "index": 48
  },
  {
    "name": "Require(40) node_modules/_egg-multipart@2.9.1@egg-multipart/app.js",
    "start": 1574147268762,
    "end": 1574147268767,
    "duration": 5,
    "pid": 156148,
    "index": 49
  },
  {
    "name": "Require(41) node_modules/_egg-development@2.4.3@egg-development/app.js",
    "start": 1574147268768,
    "end": 1574147268769,
    "duration": 1,
    "pid": 156148,
    "index": 50
  },
  {
    "name": "Require(42) node_modules/_egg-logrotator@3.1.0@egg-logrotator/app.js",
    "start": 1574147268769,
    "end": 1574147268770,
    "duration": 1,
    "pid": 156148,
    "index": 51
  },
  {
    "name": "Require(43) node_modules/_egg-static@2.2.0@egg-static/app.js",
    "start": 1574147268771,
    "end": 1574147268771,
    "duration": 0,
    "pid": 156148,
    "index": 52
  },
  {
    "name": "Before Start in node_modules/_egg-watcher@3.1.0@egg-watcher/lib/init.js:15:14",
    "start": 1574147268809,
    "end": 1574147269145,
    "duration": 336,
    "pid": 156148,
    "index": 53
  },
  {
    "name": "Load Service",
    "start": 1574147268885,
    "end": 1574147268895,
    "duration": 10,
    "pid": 156148,
    "index": 54
  },
  {
    "name": "Load \"service\" to Context",
    "start": 1574147268885,
    "end": 1574147268895,
    "duration": 10,
    "pid": 156148,
    "index": 55
  },
  {
    "name": "Load Middleware",
    "start": 1574147268896,
    "end": 1574147269098,
    "duration": 202,
    "pid": 156148,
    "index": 56
  },
  {
    "name": "Load \"middlewares\" to Application",
    "start": 1574147268896,
    "end": 1574147269084,
    "duration": 188,
    "pid": 156148,
    "index": 57
  },
  {
    "name": "Load Controller",
    "start": 1574147269098,
    "end": 1574147269102,
    "duration": 4,
    "pid": 156148,
    "index": 58
  },
  {
    "name": "Load \"controller\" to Application",
    "start": 1574147269098,
    "end": 1574147269102,
    "duration": 4,
    "pid": 156148,
    "index": 59
  },
  {
    "name": "Load Router",
    "start": 1574147269102,
    "end": 1574147269113,
    "duration": 11,
    "pid": 156148,
    "index": 60
  },
  {
    "name": "Require(44) app/router.js",
    "start": 1574147269102,
    "end": 1574147269103,
    "duration": 1,
    "pid": 156148,
    "index": 61
  },
  {
    "name": "Before Start in node_modules/_egg-core@4.17.3@egg-core/lib/egg.js:303:10",
    "start": 1574147269103,
    "end": 1574147269130,
    "duration": 27,
    "pid": 156148,
    "index": 62
  }
]