[
  {
    "name": "Application Start",
    "start": 1574146738693,
    "end": 1574146739456,
    "duration": 763,
    "pid": 139116,
    "index": 0
  },
  {
    "name": "Load Plugin",
    "start": 1574146738701,
    "end": 1574146738727,
    "duration": 26,
    "pid": 139116,
    "index": 1
  },
  {
    "name": "Load Config",
    "start": 1574146738728,
    "end": 1574146738755,
    "duration": 27,
    "pid": 139116,
    "index": 2
  },
  {
    "name": "Require(0) config/config.default.js",
    "start": 1574146738729,
    "end": 1574146738730,
    "duration": 1,
    "pid": 139116,
    "index": 3
  },
  {
    "name": "Require(1) node_modules/_egg-session@3.1.0@egg-session/config/config.default.js",
    "start": 1574146738732,
    "end": 1574146738732,
    "duration": 0,
    "pid": 139116,
    "index": 4
  },
  {
    "name": "Require(2) node_modules/_egg-security@2.7.1@egg-security/config/config.default.js",
    "start": 1574146738733,
    "end": 1574146738733,
    "duration": 0,
    "pid": 139116,
    "index": 5
  },
  {
    "name": "Require(3) node_modules/_egg-jsonp@2.0.0@egg-jsonp/config/config.default.js",
    "start": 1574146738735,
    "end": 1574146738735,
    "duration": 0,
    "pid": 139116,
    "index": 6
  },
  {
    "name": "Require(4) node_modules/_egg-onerror@2.1.0@egg-onerror/config/config.default.js",
    "start": 1574146738736,
    "end": 1574146738736,
    "duration": 0,
    "pid": 139116,
    "index": 7
  },
  {
    "name": "Require(5) node_modules/_egg-i18n@2.1.1@egg-i18n/config/config.default.js",
    "start": 1574146738737,
    "end": 1574146738737,
    "duration": 0,
    "pid": 139116,
    "index": 8
  },
  {
    "name": "Require(6) node_modules/_egg-watcher@3.1.0@egg-watcher/config/config.default.js",
    "start": 1574146738738,
    "end": 1574146738739,
    "duration": 1,
    "pid": 139116,
    "index": 9
  },
  {
    "name": "Require(7) node_modules/_egg-schedule@3.6.4@egg-schedule/config/config.default.js",
    "start": 1574146738739,
    "end": 1574146738740,
    "duration": 1,
    "pid": 139116,
    "index": 10
  },
  {
    "name": "Require(8) node_modules/_egg-multipart@2.9.1@egg-multipart/config/config.default.js",
    "start": 1574146738741,
    "end": 1574146738741,
    "duration": 0,
    "pid": 139116,
    "index": 11
  },
  {
    "name": "Require(9) node_modules/_egg-development@2.4.3@egg-development/config/config.default.js",
    "start": 1574146738742,
    "end": 1574146738742,
    "duration": 0,
    "pid": 139116,
    "index": 12
  },
  {
    "name": "Require(10) node_modules/_egg-logrotator@3.1.0@egg-logrotator/config/config.default.js",
    "start": 1574146738743,
    "end": 1574146738743,
    "duration": 0,
    "pid": 139116,
    "index": 13
  },
  {
    "name": "Require(11) node_modules/_egg-static@2.2.0@egg-static/config/config.default.js",
    "start": 1574146738744,
    "end": 1574146738744,
    "duration": 0,
    "pid": 139116,
    "index": 14
  },
  {
    "name": "Require(12) node_modules/_egg-view@2.1.2@egg-view/config/config.default.js",
    "start": 1574146738745,
    "end": 1574146738746,
    "duration": 1,
    "pid": 139116,
    "index": 15
  },
  {
    "name": "Require(13) node_modules/_egg@2.25.0@egg/config/config.default.js",
    "start": 1574146738746,
    "end": 1574146738747,
    "duration": 1,
    "pid": 139116,
    "index": 16
  },
  {
    "name": "Require(14) config/config.default.js",
    "start": 1574146738748,
    "end": 1574146738749,
    "duration": 1,
    "pid": 139116,
    "index": 17
  },
  {
    "name": "Require(15) node_modules/_egg-security@2.7.1@egg-security/config/config.local.js",
    "start": 1574146738750,
    "end": 1574146738750,
    "duration": 0,
    "pid": 139116,
    "index": 18
  },
  {
    "name": "Require(16) node_modules/_egg-watcher@3.1.0@egg-watcher/config/config.local.js",
    "start": 1574146738751,
    "end": 1574146738752,
    "duration": 1,
    "pid": 139116,
    "index": 19
  },
  {
    "name": "Require(17) node_modules/_egg-view@2.1.2@egg-view/config/config.local.js",
    "start": 1574146738753,
    "end": 1574146738754,
    "duration": 1,
    "pid": 139116,
    "index": 20
  },
  {
    "name": "Require(18) node_modules/_egg@2.25.0@egg/config/config.local.js",
    "start": 1574146738754,
    "end": 1574146738755,
    "duration": 1,
    "pid": 139116,
    "index": 21
  },
  {
    "name": "Load extend/application.js",
    "start": 1574146738757,
    "end": 1574146738777,
    "duration": 20,
    "pid": 139116,
    "index": 22
  },
  {
    "name": "Require(19) node_modules/_egg-session@3.1.0@egg-session/app/extend/application.js",
    "start": 1574146738758,
    "end": 1574146738758,
    "duration": 0,
    "pid": 139116,
    "index": 23
  },
  {
    "name": "Require(20) node_modules/_egg-security@2.7.1@egg-security/app/extend/application.js",
    "start": 1574146738759,
    "end": 1574146738760,
    "duration": 1,
    "pid": 139116,
    "index": 24
  },
  {
    "name": "Require(21) node_modules/_egg-jsonp@2.0.0@egg-jsonp/app/extend/application.js",
    "start": 1574146738761,
    "end": 1574146738764,
    "duration": 3,
    "pid": 139116,
    "index": 25
  },
  {
    "name": "Require(22) node_modules/_egg-logrotator@3.1.0@egg-logrotator/app/extend/application.js",
    "start": 1574146738767,
    "end": 1574146738770,
    "duration": 3,
    "pid": 139116,
    "index": 26
  },
  {
    "name": "Require(23) node_modules/_egg-view@2.1.2@egg-view/app/extend/application.js",
    "start": 1574146738771,
    "end": 1574146738773,
    "duration": 2,
    "pid": 139116,
    "index": 27
  },
  {
    "name": "Load extend/request.js",
    "start": 1574146738777,
    "end": 1574146738785,
    "duration": 8,
    "pid": 139116,
    "index": 28
  },
  {
    "name": "Require(24) node_modules/_egg@2.25.0@egg/app/extend/request.js",
    "start": 1574146738780,
    "end": 1574146738782,
    "duration": 2,
    "pid": 139116,
    "index": 29
  },
  {
    "name": "Load extend/response.js",
    "start": 1574146738785,
    "end": 1574146738797,
    "duration": 12,
    "pid": 139116,
    "index": 30
  },
  {
    "name": "Require(25) node_modules/_egg@2.25.0@egg/app/extend/response.js",
    "start": 1574146738789,
    "end": 1574146738792,
    "duration": 3,
    "pid": 139116,
    "index": 31
  },
  {
    "name": "Load extend/context.js",
    "start": 1574146738797,
    "end": 1574146738944,
    "duration": 147,
    "pid": 139116,
    "index": 32
  },
  {
    "name": "Require(26) node_modules/_egg-security@2.7.1@egg-security/app/extend/context.js",
    "start": 1574146738799,
    "end": 1574146738825,
    "duration": 26,
    "pid": 139116,
    "index": 33
  },
  {
    "name": "Require(27) node_modules/_egg-jsonp@2.0.0@egg-jsonp/app/extend/context.js",
    "start": 1574146738826,
    "end": 1574146738830,
    "duration": 4,
    "pid": 139116,
    "index": 34
  },
  {
    "name": "Require(28) node_modules/_egg-i18n@2.1.1@egg-i18n/app/extend/context.js",
    "start": 1574146738833,
    "end": 1574146738834,
    "duration": 1,
    "pid": 139116,
    "index": 35
  },
  {
    "name": "Require(29) node_modules/_egg-multipart@2.9.1@egg-multipart/app/extend/context.js",
    "start": 1574146738836,
    "end": 1574146738927,
    "duration": 91,
    "pid": 139116,
    "index": 36
  },
  {
    "name": "Require(30) node_modules/_egg-view@2.1.2@egg-view/app/extend/context.js",
    "start": 1574146738928,
    "end": 1574146738930,
    "duration": 2,
    "pid": 139116,
    "index": 37
  },
  {
    "name": "Require(31) node_modules/_egg@2.25.0@egg/app/extend/context.js",
    "start": 1574146738931,
    "end": 1574146738937,
    "duration": 6,
    "pid": 139116,
    "index": 38
  },
  {
    "name": "Load extend/helper.js",
    "start": 1574146738944,
    "end": 1574146738991,
    "duration": 47,
    "pid": 139116,
    "index": 39
  },
  {
    "name": "Require(32) node_modules/_egg-security@2.7.1@egg-security/app/extend/helper.js",
    "start": 1574146738945,
    "end": 1574146738982,
    "duration": 37,
    "pid": 139116,
    "index": 40
  },
  {
    "name": "Require(33) node_modules/_egg@2.25.0@egg/app/extend/helper.js",
    "start": 1574146738985,
    "end": 1574146738986,
    "duration": 1,
    "pid": 139116,
    "index": 41
  },
  {
    "name": "Load app.js",
    "start": 1574146738991,
    "end": 1574146739044,
    "duration": 53,
    "pid": 139116,
    "index": 42
  },
  {
    "name": "Require(34) node_modules/_egg-session@3.1.0@egg-session/app.js",
    "start": 1574146738992,
    "end": 1574146738993,
    "duration": 1,
    "pid": 139116,
    "index": 43
  },
  {
    "name": "Require(35) node_modules/_egg-security@2.7.1@egg-security/app.js",
    "start": 1574146738994,
    "end": 1574146738997,
    "duration": 3,
    "pid": 139116,
    "index": 44
  },
  {
    "name": "Require(36) node_modules/_egg-onerror@2.1.0@egg-onerror/app.js",
    "start": 1574146738998,
    "end": 1574146739014,
    "duration": 16,
    "pid": 139116,
    "index": 45
  },
  {
    "name": "Require(37) node_modules/_egg-i18n@2.1.1@egg-i18n/app.js",
    "start": 1574146739015,
    "end": 1574146739025,
    "duration": 10,
    "pid": 139116,
    "index": 46
  },
  {
    "name": "Require(38) node_modules/_egg-watcher@3.1.0@egg-watcher/app.js",
    "start": 1574146739025,
    "end": 1574146739031,
    "duration": 6,
    "pid": 139116,
    "index": 47
  },
  {
    "name": "Require(39) node_modules/_egg-schedule@3.6.4@egg-schedule/app.js",
    "start": 1574146739032,
    "end": 1574146739035,
    "duration": 3,
    "pid": 139116,
    "index": 48
  },
  {
    "name": "Require(40) node_modules/_egg-multipart@2.9.1@egg-multipart/app.js",
    "start": 1574146739036,
    "end": 1574146739039,
    "duration": 3,
    "pid": 139116,
    "index": 49
  },
  {
    "name": "Require(41) node_modules/_egg-development@2.4.3@egg-development/app.js",
    "start": 1574146739040,
    "end": 1574146739040,
    "duration": 0,
    "pid": 139116,
    "index": 50
  },
  {
    "name": "Require(42) node_modules/_egg-logrotator@3.1.0@egg-logrotator/app.js",
    "start": 1574146739041,
    "end": 1574146739041,
    "duration": 0,
    "pid": 139116,
    "index": 51
  },
  {
    "name": "Require(43) node_modules/_egg-static@2.2.0@egg-static/app.js",
    "start": 1574146739041,
    "end": 1574146739042,
    "duration": 1,
    "pid": 139116,
    "index": 52
  },
  {
    "name": "Before Start in node_modules/_egg-watcher@3.1.0@egg-watcher/lib/init.js:15:14",
    "start": 1574146739065,
    "end": 1574146739455,
    "duration": 390,
    "pid": 139116,
    "index": 53
  },
  {
    "name": "Load Service",
    "start": 1574146739132,
    "end": 1574146739140,
    "duration": 8,
    "pid": 139116,
    "index": 54
  },
  {
    "name": "Load \"service\" to Context",
    "start": 1574146739132,
    "end": 1574146739140,
    "duration": 8,
    "pid": 139116,
    "index": 55
  },
  {
    "name": "Load Middleware",
    "start": 1574146739141,
    "end": 1574146739301,
    "duration": 160,
    "pid": 139116,
    "index": 56
  },
  {
    "name": "Load \"middlewares\" to Application",
    "start": 1574146739141,
    "end": 1574146739277,
    "duration": 136,
    "pid": 139116,
    "index": 57
  },
  {
    "name": "Load Controller",
    "start": 1574146739301,
    "end": 1574146739390,
    "duration": 89,
    "pid": 139116,
    "index": 58
  },
  {
    "name": "Load \"controller\" to Application",
    "start": 1574146739301,
    "end": 1574146739390,
    "duration": 89,
    "pid": 139116,
    "index": 59
  },
  {
    "name": "Load Router",
    "start": 1574146739390,
    "end": 1574146739410,
    "duration": 20,
    "pid": 139116,
    "index": 60
  },
  {
    "name": "Require(44) app/router.js",
    "start": 1574146739391,
    "end": 1574146739392,
    "duration": 1,
    "pid": 139116,
    "index": 61
  },
  {
    "name": "Before Start in node_modules/_egg-core@4.17.3@egg-core/lib/egg.js:303:10",
    "start": 1574146739393,
    "end": 1574146739431,
    "duration": 38,
    "pid": 139116,
    "index": 62
  }
]