[
  {
    "name": "Application Start",
    "start": 1574146749312,
    "end": 1574146750151,
    "duration": 839,
    "pid": 151060,
    "index": 0
  },
  {
    "name": "Load Plugin",
    "start": 1574146749326,
    "end": 1574146749378,
    "duration": 52,
    "pid": 151060,
    "index": 1
  },
  {
    "name": "Load Config",
    "start": 1574146749379,
    "end": 1574146749422,
    "duration": 43,
    "pid": 151060,
    "index": 2
  },
  {
    "name": "Require(0) config/config.default.js",
    "start": 1574146749381,
    "end": 1574146749382,
    "duration": 1,
    "pid": 151060,
    "index": 3
  },
  {
    "name": "Require(1) node_modules/_egg-session@3.1.0@egg-session/config/config.default.js",
    "start": 1574146749385,
    "end": 1574146749386,
    "duration": 1,
    "pid": 151060,
    "index": 4
  },
  {
    "name": "Require(2) node_modules/_egg-security@2.7.1@egg-security/config/config.default.js",
    "start": 1574146749387,
    "end": 1574146749388,
    "duration": 1,
    "pid": 151060,
    "index": 5
  },
  {
    "name": "Require(3) node_modules/_egg-jsonp@2.0.0@egg-jsonp/config/config.default.js",
    "start": 1574146749390,
    "end": 1574146749391,
    "duration": 1,
    "pid": 151060,
    "index": 6
  },
  {
    "name": "Require(4) node_modules/_egg-onerror@2.1.0@egg-onerror/config/config.default.js",
    "start": 1574146749392,
    "end": 1574146749393,
    "duration": 1,
    "pid": 151060,
    "index": 7
  },
  {
    "name": "Require(5) node_modules/_egg-i18n@2.1.1@egg-i18n/config/config.default.js",
    "start": 1574146749394,
    "end": 1574146749395,
    "duration": 1,
    "pid": 151060,
    "index": 8
  },
  {
    "name": "Require(6) node_modules/_egg-watcher@3.1.0@egg-watcher/config/config.default.js",
    "start": 1574146749397,
    "end": 1574146749397,
    "duration": 0,
    "pid": 151060,
    "index": 9
  },
  {
    "name": "Require(7) node_modules/_egg-schedule@3.6.4@egg-schedule/config/config.default.js",
    "start": 1574146749398,
    "end": 1574146749399,
    "duration": 1,
    "pid": 151060,
    "index": 10
  },
  {
    "name": "Require(8) node_modules/_egg-multipart@2.9.1@egg-multipart/config/config.default.js",
    "start": 1574146749400,
    "end": 1574146749401,
    "duration": 1,
    "pid": 151060,
    "index": 11
  },
  {
    "name": "Require(9) node_modules/_egg-development@2.4.3@egg-development/config/config.default.js",
    "start": 1574146749402,
    "end": 1574146749403,
    "duration": 1,
    "pid": 151060,
    "index": 12
  },
  {
    "name": "Require(10) node_modules/_egg-logrotator@3.1.0@egg-logrotator/config/config.default.js",
    "start": 1574146749404,
    "end": 1574146749404,
    "duration": 0,
    "pid": 151060,
    "index": 13
  },
  {
    "name": "Require(11) node_modules/_egg-static@2.2.0@egg-static/config/config.default.js",
    "start": 1574146749405,
    "end": 1574146749406,
    "duration": 1,
    "pid": 151060,
    "index": 14
  },
  {
    "name": "Require(12) node_modules/_egg-view@2.1.2@egg-view/config/config.default.js",
    "start": 1574146749407,
    "end": 1574146749407,
    "duration": 0,
    "pid": 151060,
    "index": 15
  },
  {
    "name": "Require(13) node_modules/_egg@2.25.0@egg/config/config.default.js",
    "start": 1574146749409,
    "end": 1574146749410,
    "duration": 1,
    "pid": 151060,
    "index": 16
  },
  {
    "name": "Require(14) config/config.default.js",
    "start": 1574146749413,
    "end": 1574146749413,
    "duration": 0,
    "pid": 151060,
    "index": 17
  },
  {
    "name": "Require(15) node_modules/_egg-security@2.7.1@egg-security/config/config.local.js",
    "start": 1574146749414,
    "end": 1574146749415,
    "duration": 1,
    "pid": 151060,
    "index": 18
  },
  {
    "name": "Require(16) node_modules/_egg-watcher@3.1.0@egg-watcher/config/config.local.js",
    "start": 1574146749417,
    "end": 1574146749418,
    "duration": 1,
    "pid": 151060,
    "index": 19
  },
  {
    "name": "Require(17) node_modules/_egg-view@2.1.2@egg-view/config/config.local.js",
    "start": 1574146749420,
    "end": 1574146749421,
    "duration": 1,
    "pid": 151060,
    "index": 20
  },
  {
    "name": "Require(18) node_modules/_egg@2.25.0@egg/config/config.local.js",
    "start": 1574146749422,
    "end": 1574146749422,
    "duration": 0,
    "pid": 151060,
    "index": 21
  },
  {
    "name": "Load extend/application.js",
    "start": 1574146749425,
    "end": 1574146749463,
    "duration": 38,
    "pid": 151060,
    "index": 22
  },
  {
    "name": "Require(19) node_modules/_egg-session@3.1.0@egg-session/app/extend/application.js",
    "start": 1574146749427,
    "end": 1574146749427,
    "duration": 0,
    "pid": 151060,
    "index": 23
  },
  {
    "name": "Require(20) node_modules/_egg-security@2.7.1@egg-security/app/extend/application.js",
    "start": 1574146749428,
    "end": 1574146749430,
    "duration": 2,
    "pid": 151060,
    "index": 24
  },
  {
    "name": "Require(21) node_modules/_egg-jsonp@2.0.0@egg-jsonp/app/extend/application.js",
    "start": 1574146749431,
    "end": 1574146749435,
    "duration": 4,
    "pid": 151060,
    "index": 25
  },
  {
    "name": "Require(22) node_modules/_egg-logrotator@3.1.0@egg-logrotator/app/extend/application.js",
    "start": 1574146749439,
    "end": 1574146749446,
    "duration": 7,
    "pid": 151060,
    "index": 26
  },
  {
    "name": "Require(23) node_modules/_egg-view@2.1.2@egg-view/app/extend/application.js",
    "start": 1574146749448,
    "end": 1574146749453,
    "duration": 5,
    "pid": 151060,
    "index": 27
  },
  {
    "name": "Load extend/request.js",
    "start": 1574146749463,
    "end": 1574146749483,
    "duration": 20,
    "pid": 151060,
    "index": 28
  },
  {
    "name": "Require(24) node_modules/_egg@2.25.0@egg/app/extend/request.js",
    "start": 1574146749471,
    "end": 1574146749474,
    "duration": 3,
    "pid": 151060,
    "index": 29
  },
  {
    "name": "Load extend/response.js",
    "start": 1574146749483,
    "end": 1574146749502,
    "duration": 19,
    "pid": 151060,
    "index": 30
  },
  {
    "name": "Require(25) node_modules/_egg@2.25.0@egg/app/extend/response.js",
    "start": 1574146749489,
    "end": 1574146749494,
    "duration": 5,
    "pid": 151060,
    "index": 31
  },
  {
    "name": "Load extend/context.js",
    "start": 1574146749502,
    "end": 1574146749646,
    "duration": 144,
    "pid": 151060,
    "index": 32
  },
  {
    "name": "Require(26) node_modules/_egg-security@2.7.1@egg-security/app/extend/context.js",
    "start": 1574146749504,
    "end": 1574146749539,
    "duration": 35,
    "pid": 151060,
    "index": 33
  },
  {
    "name": "Require(27) node_modules/_egg-jsonp@2.0.0@egg-jsonp/app/extend/context.js",
    "start": 1574146749541,
    "end": 1574146749545,
    "duration": 4,
    "pid": 151060,
    "index": 34
  },
  {
    "name": "Require(28) node_modules/_egg-i18n@2.1.1@egg-i18n/app/extend/context.js",
    "start": 1574146749547,
    "end": 1574146749548,
    "duration": 1,
    "pid": 151060,
    "index": 35
  },
  {
    "name": "Require(29) node_modules/_egg-multipart@2.9.1@egg-multipart/app/extend/context.js",
    "start": 1574146749551,
    "end": 1574146749633,
    "duration": 82,
    "pid": 151060,
    "index": 36
  },
  {
    "name": "Require(30) node_modules/_egg-view@2.1.2@egg-view/app/extend/context.js",
    "start": 1574146749635,
    "end": 1574146749636,
    "duration": 1,
    "pid": 151060,
    "index": 37
  },
  {
    "name": "Require(31) node_modules/_egg@2.25.0@egg/app/extend/context.js",
    "start": 1574146749637,
    "end": 1574146749642,
    "duration": 5,
    "pid": 151060,
    "index": 38
  },
  {
    "name": "Load extend/helper.js",
    "start": 1574146749646,
    "end": 1574146749680,
    "duration": 34,
    "pid": 151060,
    "index": 39
  },
  {
    "name": "Require(32) node_modules/_egg-security@2.7.1@egg-security/app/extend/helper.js",
    "start": 1574146749647,
    "end": 1574146749672,
    "duration": 25,
    "pid": 151060,
    "index": 40
  },
  {
    "name": "Require(33) node_modules/_egg@2.25.0@egg/app/extend/helper.js",
    "start": 1574146749675,
    "end": 1574146749675,
    "duration": 0,
    "pid": 151060,
    "index": 41
  },
  {
    "name": "Load app.js",
    "start": 1574146749680,
    "end": 1574146749741,
    "duration": 61,
    "pid": 151060,
    "index": 42
  },
  {
    "name": "Require(34) node_modules/_egg-session@3.1.0@egg-session/app.js",
    "start": 1574146749681,
    "end": 1574146749682,
    "duration": 1,
    "pid": 151060,
    "index": 43
  },
  {
    "name": "Require(35) node_modules/_egg-security@2.7.1@egg-security/app.js",
    "start": 1574146749683,
    "end": 1574146749686,
    "duration": 3,
    "pid": 151060,
    "index": 44
  },
  {
    "name": "Require(36) node_modules/_egg-onerror@2.1.0@egg-onerror/app.js",
    "start": 1574146749687,
    "end": 1574146749704,
    "duration": 17,
    "pid": 151060,
    "index": 45
  },
  {
    "name": "Require(37) node_modules/_egg-i18n@2.1.1@egg-i18n/app.js",
    "start": 1574146749704,
    "end": 1574146749717,
    "duration": 13,
    "pid": 151060,
    "index": 46
  },
  {
    "name": "Require(38) node_modules/_egg-watcher@3.1.0@egg-watcher/app.js",
    "start": 1574146749718,
    "end": 1574146749725,
    "duration": 7,
    "pid": 151060,
    "index": 47
  },
  {
    "name": "Require(39) node_modules/_egg-schedule@3.6.4@egg-schedule/app.js",
    "start": 1574146749725,
    "end": 1574146749729,
    "duration": 4,
    "pid": 151060,
    "index": 48
  },
  {
    "name": "Require(40) node_modules/_egg-multipart@2.9.1@egg-multipart/app.js",
    "start": 1574146749730,
    "end": 1574146749735,
    "duration": 5,
    "pid": 151060,
    "index": 49
  },
  {
    "name": "Require(41) node_modules/_egg-development@2.4.3@egg-development/app.js",
    "start": 1574146749736,
    "end": 1574146749736,
    "duration": 0,
    "pid": 151060,
    "index": 50
  },
  {
    "name": "Require(42) node_modules/_egg-logrotator@3.1.0@egg-logrotator/app.js",
    "start": 1574146749737,
    "end": 1574146749737,
    "duration": 0,
    "pid": 151060,
    "index": 51
  },
  {
    "name": "Require(43) node_modules/_egg-static@2.2.0@egg-static/app.js",
    "start": 1574146749738,
    "end": 1574146749738,
    "duration": 0,
    "pid": 151060,
    "index": 52
  },
  {
    "name": "Before Start in node_modules/_egg-watcher@3.1.0@egg-watcher/lib/init.js:15:14",
    "start": 1574146749767,
    "end": 1574146750150,
    "duration": 383,
    "pid": 151060,
    "index": 53
  },
  {
    "name": "Load Service",
    "start": 1574146749828,
    "end": 1574146749838,
    "duration": 10,
    "pid": 151060,
    "index": 54
  },
  {
    "name": "Load \"service\" to Context",
    "start": 1574146749828,
    "end": 1574146749838,
    "duration": 10,
    "pid": 151060,
    "index": 55
  },
  {
    "name": "Load Middleware",
    "start": 1574146749838,
    "end": 1574146750017,
    "duration": 179,
    "pid": 151060,
    "index": 56
  },
  {
    "name": "Load \"middlewares\" to Application",
    "start": 1574146749839,
    "end": 1574146749995,
    "duration": 156,
    "pid": 151060,
    "index": 57
  },
  {
    "name": "Load Controller",
    "start": 1574146750017,
    "end": 1574146750101,
    "duration": 84,
    "pid": 151060,
    "index": 58
  },
  {
    "name": "Load \"controller\" to Application",
    "start": 1574146750017,
    "end": 1574146750101,
    "duration": 84,
    "pid": 151060,
    "index": 59
  },
  {
    "name": "Load Router",
    "start": 1574146750101,
    "end": 1574146750115,
    "duration": 14,
    "pid": 151060,
    "index": 60
  },
  {
    "name": "Require(44) app/router.js",
    "start": 1574146750102,
    "end": 1574146750103,
    "duration": 1,
    "pid": 151060,
    "index": 61
  },
  {
    "name": "Before Start in node_modules/_egg-core@4.17.3@egg-core/lib/egg.js:303:10",
    "start": 1574146750103,
    "end": 1574146750134,
    "duration": 31,
    "pid": 151060,
    "index": 62
  }
]