[
  {
    "name": "Application Start",
    "start": 1574147161853,
    "end": 1574147162625,
    "duration": 772,
    "pid": 154276,
    "index": 0
  },
  {
    "name": "Load Plugin",
    "start": 1574147161864,
    "end": 1574147161895,
    "duration": 31,
    "pid": 154276,
    "index": 1
  },
  {
    "name": "Load Config",
    "start": 1574147161895,
    "end": 1574147161925,
    "duration": 30,
    "pid": 154276,
    "index": 2
  },
  {
    "name": "Require(0) config/config.default.js",
    "start": 1574147161896,
    "end": 1574147161897,
    "duration": 1,
    "pid": 154276,
    "index": 3
  },
  {
    "name": "Require(1) node_modules/_egg-session@3.1.0@egg-session/config/config.default.js",
    "start": 1574147161899,
    "end": 1574147161899,
    "duration": 0,
    "pid": 154276,
    "index": 4
  },
  {
    "name": "Require(2) node_modules/_egg-security@2.7.1@egg-security/config/config.default.js",
    "start": 1574147161900,
    "end": 1574147161900,
    "duration": 0,
    "pid": 154276,
    "index": 5
  },
  {
    "name": "Require(3) node_modules/_egg-jsonp@2.0.0@egg-jsonp/config/config.default.js",
    "start": 1574147161902,
    "end": 1574147161902,
    "duration": 0,
    "pid": 154276,
    "index": 6
  },
  {
    "name": "Require(4) node_modules/_egg-onerror@2.1.0@egg-onerror/config/config.default.js",
    "start": 1574147161903,
    "end": 1574147161903,
    "duration": 0,
    "pid": 154276,
    "index": 7
  },
  {
    "name": "Require(5) node_modules/_egg-i18n@2.1.1@egg-i18n/config/config.default.js",
    "start": 1574147161904,
    "end": 1574147161904,
    "duration": 0,
    "pid": 154276,
    "index": 8
  },
  {
    "name": "Require(6) node_modules/_egg-watcher@3.1.0@egg-watcher/config/config.default.js",
    "start": 1574147161905,
    "end": 1574147161906,
    "duration": 1,
    "pid": 154276,
    "index": 9
  },
  {
    "name": "Require(7) node_modules/_egg-schedule@3.6.4@egg-schedule/config/config.default.js",
    "start": 1574147161906,
    "end": 1574147161907,
    "duration": 1,
    "pid": 154276,
    "index": 10
  },
  {
    "name": "Require(8) node_modules/_egg-multipart@2.9.1@egg-multipart/config/config.default.js",
    "start": 1574147161908,
    "end": 1574147161908,
    "duration": 0,
    "pid": 154276,
    "index": 11
  },
  {
    "name": "Require(9) node_modules/_egg-development@2.4.3@egg-development/config/config.default.js",
    "start": 1574147161909,
    "end": 1574147161910,
    "duration": 1,
    "pid": 154276,
    "index": 12
  },
  {
    "name": "Require(10) node_modules/_egg-logrotator@3.1.0@egg-logrotator/config/config.default.js",
    "start": 1574147161910,
    "end": 1574147161911,
    "duration": 1,
    "pid": 154276,
    "index": 13
  },
  {
    "name": "Require(11) node_modules/_egg-static@2.2.0@egg-static/config/config.default.js",
    "start": 1574147161912,
    "end": 1574147161912,
    "duration": 0,
    "pid": 154276,
    "index": 14
  },
  {
    "name": "Require(12) node_modules/_egg-view@2.1.2@egg-view/config/config.default.js",
    "start": 1574147161913,
    "end": 1574147161913,
    "duration": 0,
    "pid": 154276,
    "index": 15
  },
  {
    "name": "Require(13) node_modules/_egg@2.25.0@egg/config/config.default.js",
    "start": 1574147161914,
    "end": 1574147161915,
    "duration": 1,
    "pid": 154276,
    "index": 16
  },
  {
    "name": "Require(14) config/config.default.js",
    "start": 1574147161918,
    "end": 1574147161918,
    "duration": 0,
    "pid": 154276,
    "index": 17
  },
  {
    "name": "Require(15) node_modules/_egg-security@2.7.1@egg-security/config/config.local.js",
    "start": 1574147161919,
    "end": 1574147161919,
    "duration": 0,
    "pid": 154276,
    "index": 18
  },
  {
    "name": "Require(16) node_modules/_egg-watcher@3.1.0@egg-watcher/config/config.local.js",
    "start": 1574147161921,
    "end": 1574147161921,
    "duration": 0,
    "pid": 154276,
    "index": 19
  },
  {
    "name": "Require(17) node_modules/_egg-view@2.1.2@egg-view/config/config.local.js",
    "start": 1574147161923,
    "end": 1574147161923,
    "duration": 0,
    "pid": 154276,
    "index": 20
  },
  {
    "name": "Require(18) node_modules/_egg@2.25.0@egg/config/config.local.js",
    "start": 1574147161924,
    "end": 1574147161924,
    "duration": 0,
    "pid": 154276,
    "index": 21
  },
  {
    "name": "Load extend/application.js",
    "start": 1574147161927,
    "end": 1574147161949,
    "duration": 22,
    "pid": 154276,
    "index": 22
  },
  {
    "name": "Require(19) node_modules/_egg-session@3.1.0@egg-session/app/extend/application.js",
    "start": 1574147161928,
    "end": 1574147161928,
    "duration": 0,
    "pid": 154276,
    "index": 23
  },
  {
    "name": "Require(20) node_modules/_egg-security@2.7.1@egg-security/app/extend/application.js",
    "start": 1574147161929,
    "end": 1574147161930,
    "duration": 1,
    "pid": 154276,
    "index": 24
  },
  {
    "name": "Require(21) node_modules/_egg-jsonp@2.0.0@egg-jsonp/app/extend/application.js",
    "start": 1574147161931,
    "end": 1574147161934,
    "duration": 3,
    "pid": 154276,
    "index": 25
  },
  {
    "name": "Require(22) node_modules/_egg-logrotator@3.1.0@egg-logrotator/app/extend/application.js",
    "start": 1574147161937,
    "end": 1574147161941,
    "duration": 4,
    "pid": 154276,
    "index": 26
  },
  {
    "name": "Require(23) node_modules/_egg-view@2.1.2@egg-view/app/extend/application.js",
    "start": 1574147161942,
    "end": 1574147161945,
    "duration": 3,
    "pid": 154276,
    "index": 27
  },
  {
    "name": "Load extend/request.js",
    "start": 1574147161949,
    "end": 1574147161960,
    "duration": 11,
    "pid": 154276,
    "index": 28
  },
  {
    "name": "Require(24) node_modules/_egg@2.25.0@egg/app/extend/request.js",
    "start": 1574147161953,
    "end": 1574147161955,
    "duration": 2,
    "pid": 154276,
    "index": 29
  },
  {
    "name": "Load extend/response.js",
    "start": 1574147161960,
    "end": 1574147161971,
    "duration": 11,
    "pid": 154276,
    "index": 30
  },
  {
    "name": "Require(25) node_modules/_egg@2.25.0@egg/app/extend/response.js",
    "start": 1574147161963,
    "end": 1574147161966,
    "duration": 3,
    "pid": 154276,
    "index": 31
  },
  {
    "name": "Load extend/context.js",
    "start": 1574147161971,
    "end": 1574147162081,
    "duration": 110,
    "pid": 154276,
    "index": 32
  },
  {
    "name": "Require(26) node_modules/_egg-security@2.7.1@egg-security/app/extend/context.js",
    "start": 1574147161972,
    "end": 1574147161988,
    "duration": 16,
    "pid": 154276,
    "index": 33
  },
  {
    "name": "Require(27) node_modules/_egg-jsonp@2.0.0@egg-jsonp/app/extend/context.js",
    "start": 1574147161989,
    "end": 1574147161991,
    "duration": 2,
    "pid": 154276,
    "index": 34
  },
  {
    "name": "Require(28) node_modules/_egg-i18n@2.1.1@egg-i18n/app/extend/context.js",
    "start": 1574147161993,
    "end": 1574147161993,
    "duration": 0,
    "pid": 154276,
    "index": 35
  },
  {
    "name": "Require(29) node_modules/_egg-multipart@2.9.1@egg-multipart/app/extend/context.js",
    "start": 1574147161994,
    "end": 1574147162068,
    "duration": 74,
    "pid": 154276,
    "index": 36
  },
  {
    "name": "Require(30) node_modules/_egg-view@2.1.2@egg-view/app/extend/context.js",
    "start": 1574147162070,
    "end": 1574147162071,
    "duration": 1,
    "pid": 154276,
    "index": 37
  },
  {
    "name": "Require(31) node_modules/_egg@2.25.0@egg/app/extend/context.js",
    "start": 1574147162072,
    "end": 1574147162074,
    "duration": 2,
    "pid": 154276,
    "index": 38
  },
  {
    "name": "Load extend/helper.js",
    "start": 1574147162081,
    "end": 1574147162121,
    "duration": 40,
    "pid": 154276,
    "index": 39
  },
  {
    "name": "Require(32) node_modules/_egg-security@2.7.1@egg-security/app/extend/helper.js",
    "start": 1574147162082,
    "end": 1574147162111,
    "duration": 29,
    "pid": 154276,
    "index": 40
  },
  {
    "name": "Require(33) node_modules/_egg@2.25.0@egg/app/extend/helper.js",
    "start": 1574147162114,
    "end": 1574147162115,
    "duration": 1,
    "pid": 154276,
    "index": 41
  },
  {
    "name": "Load app.js",
    "start": 1574147162121,
    "end": 1574147162175,
    "duration": 54,
    "pid": 154276,
    "index": 42
  },
  {
    "name": "Require(34) node_modules/_egg-session@3.1.0@egg-session/app.js",
    "start": 1574147162122,
    "end": 1574147162122,
    "duration": 0,
    "pid": 154276,
    "index": 43
  },
  {
    "name": "Require(35) node_modules/_egg-security@2.7.1@egg-security/app.js",
    "start": 1574147162123,
    "end": 1574147162126,
    "duration": 3,
    "pid": 154276,
    "index": 44
  },
  {
    "name": "Require(36) node_modules/_egg-onerror@2.1.0@egg-onerror/app.js",
    "start": 1574147162127,
    "end": 1574147162141,
    "duration": 14,
    "pid": 154276,
    "index": 45
  },
  {
    "name": "Require(37) node_modules/_egg-i18n@2.1.1@egg-i18n/app.js",
    "start": 1574147162142,
    "end": 1574147162154,
    "duration": 12,
    "pid": 154276,
    "index": 46
  },
  {
    "name": "Require(38) node_modules/_egg-watcher@3.1.0@egg-watcher/app.js",
    "start": 1574147162155,
    "end": 1574147162161,
    "duration": 6,
    "pid": 154276,
    "index": 47
  },
  {
    "name": "Require(39) node_modules/_egg-schedule@3.6.4@egg-schedule/app.js",
    "start": 1574147162162,
    "end": 1574147162165,
    "duration": 3,
    "pid": 154276,
    "index": 48
  },
  {
    "name": "Require(40) node_modules/_egg-multipart@2.9.1@egg-multipart/app.js",
    "start": 1574147162166,
    "end": 1574147162170,
    "duration": 4,
    "pid": 154276,
    "index": 49
  },
  {
    "name": "Require(41) node_modules/_egg-development@2.4.3@egg-development/app.js",
    "start": 1574147162171,
    "end": 1574147162171,
    "duration": 0,
    "pid": 154276,
    "index": 50
  },
  {
    "name": "Require(42) node_modules/_egg-logrotator@3.1.0@egg-logrotator/app.js",
    "start": 1574147162172,
    "end": 1574147162172,
    "duration": 0,
    "pid": 154276,
    "index": 51
  },
  {
    "name": "Require(43) node_modules/_egg-static@2.2.0@egg-static/app.js",
    "start": 1574147162173,
    "end": 1574147162173,
    "duration": 0,
    "pid": 154276,
    "index": 52
  },
  {
    "name": "Before Start in node_modules/_egg-watcher@3.1.0@egg-watcher/lib/init.js:15:14",
    "start": 1574147162202,
    "end": 1574147162623,
    "duration": 421,
    "pid": 154276,
    "index": 53
  },
  {
    "name": "Load Service",
    "start": 1574147162252,
    "end": 1574147162260,
    "duration": 8,
    "pid": 154276,
    "index": 54
  },
  {
    "name": "Load \"service\" to Context",
    "start": 1574147162252,
    "end": 1574147162260,
    "duration": 8,
    "pid": 154276,
    "index": 55
  },
  {
    "name": "Load Middleware",
    "start": 1574147162261,
    "end": 1574147162551,
    "duration": 290,
    "pid": 154276,
    "index": 56
  },
  {
    "name": "Load \"middlewares\" to Application",
    "start": 1574147162261,
    "end": 1574147162528,
    "duration": 267,
    "pid": 154276,
    "index": 57
  },
  {
    "name": "Load Controller",
    "start": 1574147162551,
    "end": 1574147162560,
    "duration": 9,
    "pid": 154276,
    "index": 58
  },
  {
    "name": "Load \"controller\" to Application",
    "start": 1574147162552,
    "end": 1574147162560,
    "duration": 8,
    "pid": 154276,
    "index": 59
  },
  {
    "name": "Load Router",
    "start": 1574147162560,
    "end": 1574147162576,
    "duration": 16,
    "pid": 154276,
    "index": 60
  },
  {
    "name": "Require(44) app/router.js",
    "start": 1574147162561,
    "end": 1574147162561,
    "duration": 0,
    "pid": 154276,
    "index": 61
  },
  {
    "name": "Before Start in node_modules/_egg-core@4.17.3@egg-core/lib/egg.js:303:10",
    "start": 1574147162562,
    "end": 1574147162600,
    "duration": 38,
    "pid": 154276,
    "index": 62
  }
]