[
  {
    "name": "Application Start",
    "start": 1574146806410,
    "end": 1574146807211,
    "duration": 801,
    "pid": 153940,
    "index": 0
  },
  {
    "name": "Load Plugin",
    "start": 1574146806422,
    "end": 1574146806462,
    "duration": 40,
    "pid": 153940,
    "index": 1
  },
  {
    "name": "Load Config",
    "start": 1574146806462,
    "end": 1574146806507,
    "duration": 45,
    "pid": 153940,
    "index": 2
  },
  {
    "name": "Require(0) config/config.default.js",
    "start": 1574146806464,
    "end": 1574146806464,
    "duration": 0,
    "pid": 153940,
    "index": 3
  },
  {
    "name": "Require(1) node_modules/_egg-session@3.1.0@egg-session/config/config.default.js",
    "start": 1574146806469,
    "end": 1574146806470,
    "duration": 1,
    "pid": 153940,
    "index": 4
  },
  {
    "name": "Require(2) node_modules/_egg-security@2.7.1@egg-security/config/config.default.js",
    "start": 1574146806471,
    "end": 1574146806471,
    "duration": 0,
    "pid": 153940,
    "index": 5
  },
  {
    "name": "Require(3) node_modules/_egg-jsonp@2.0.0@egg-jsonp/config/config.default.js",
    "start": 1574146806473,
    "end": 1574146806474,
    "duration": 1,
    "pid": 153940,
    "index": 6
  },
  {
    "name": "Require(4) node_modules/_egg-onerror@2.1.0@egg-onerror/config/config.default.js",
    "start": 1574146806475,
    "end": 1574146806476,
    "duration": 1,
    "pid": 153940,
    "index": 7
  },
  {
    "name": "Require(5) node_modules/_egg-i18n@2.1.1@egg-i18n/config/config.default.js",
    "start": 1574146806477,
    "end": 1574146806477,
    "duration": 0,
    "pid": 153940,
    "index": 8
  },
  {
    "name": "Require(6) node_modules/_egg-watcher@3.1.0@egg-watcher/config/config.default.js",
    "start": 1574146806480,
    "end": 1574146806481,
    "duration": 1,
    "pid": 153940,
    "index": 9
  },
  {
    "name": "Require(7) node_modules/_egg-schedule@3.6.4@egg-schedule/config/config.default.js",
    "start": 1574146806482,
    "end": 1574146806482,
    "duration": 0,
    "pid": 153940,
    "index": 10
  },
  {
    "name": "Require(8) node_modules/_egg-multipart@2.9.1@egg-multipart/config/config.default.js",
    "start": 1574146806483,
    "end": 1574146806484,
    "duration": 1,
    "pid": 153940,
    "index": 11
  },
  {
    "name": "Require(9) node_modules/_egg-development@2.4.3@egg-development/config/config.default.js",
    "start": 1574146806485,
    "end": 1574146806486,
    "duration": 1,
    "pid": 153940,
    "index": 12
  },
  {
    "name": "Require(10) node_modules/_egg-logrotator@3.1.0@egg-logrotator/config/config.default.js",
    "start": 1574146806487,
    "end": 1574146806488,
    "duration": 1,
    "pid": 153940,
    "index": 13
  },
  {
    "name": "Require(11) node_modules/_egg-static@2.2.0@egg-static/config/config.default.js",
    "start": 1574146806489,
    "end": 1574146806490,
    "duration": 1,
    "pid": 153940,
    "index": 14
  },
  {
    "name": "Require(12) node_modules/_egg-view@2.1.2@egg-view/config/config.default.js",
    "start": 1574146806491,
    "end": 1574146806492,
    "duration": 1,
    "pid": 153940,
    "index": 15
  },
  {
    "name": "Require(13) node_modules/_egg@2.25.0@egg/config/config.default.js",
    "start": 1574146806493,
    "end": 1574146806493,
    "duration": 0,
    "pid": 153940,
    "index": 16
  },
  {
    "name": "Require(14) config/config.default.js",
    "start": 1574146806496,
    "end": 1574146806496,
    "duration": 0,
    "pid": 153940,
    "index": 17
  },
  {
    "name": "Require(15) node_modules/_egg-security@2.7.1@egg-security/config/config.local.js",
    "start": 1574146806498,
    "end": 1574146806498,
    "duration": 0,
    "pid": 153940,
    "index": 18
  },
  {
    "name": "Require(16) node_modules/_egg-watcher@3.1.0@egg-watcher/config/config.local.js",
    "start": 1574146806501,
    "end": 1574146806502,
    "duration": 1,
    "pid": 153940,
    "index": 19
  },
  {
    "name": "Require(17) node_modules/_egg-view@2.1.2@egg-view/config/config.local.js",
    "start": 1574146806504,
    "end": 1574146806505,
    "duration": 1,
    "pid": 153940,
    "index": 20
  },
  {
    "name": "Require(18) node_modules/_egg@2.25.0@egg/config/config.local.js",
    "start": 1574146806506,
    "end": 1574146806507,
    "duration": 1,
    "pid": 153940,
    "index": 21
  },
  {
    "name": "Load extend/application.js",
    "start": 1574146806510,
    "end": 1574146806538,
    "duration": 28,
    "pid": 153940,
    "index": 22
  },
  {
    "name": "Require(19) node_modules/_egg-session@3.1.0@egg-session/app/extend/application.js",
    "start": 1574146806511,
    "end": 1574146806512,
    "duration": 1,
    "pid": 153940,
    "index": 23
  },
  {
    "name": "Require(20) node_modules/_egg-security@2.7.1@egg-security/app/extend/application.js",
    "start": 1574146806513,
    "end": 1574146806514,
    "duration": 1,
    "pid": 153940,
    "index": 24
  },
  {
    "name": "Require(21) node_modules/_egg-jsonp@2.0.0@egg-jsonp/app/extend/application.js",
    "start": 1574146806515,
    "end": 1574146806519,
    "duration": 4,
    "pid": 153940,
    "index": 25
  },
  {
    "name": "Require(22) node_modules/_egg-logrotator@3.1.0@egg-logrotator/app/extend/application.js",
    "start": 1574146806522,
    "end": 1574146806527,
    "duration": 5,
    "pid": 153940,
    "index": 26
  },
  {
    "name": "Require(23) node_modules/_egg-view@2.1.2@egg-view/app/extend/application.js",
    "start": 1574146806528,
    "end": 1574146806531,
    "duration": 3,
    "pid": 153940,
    "index": 27
  },
  {
    "name": "Load extend/request.js",
    "start": 1574146806538,
    "end": 1574146806552,
    "duration": 14,
    "pid": 153940,
    "index": 28
  },
  {
    "name": "Require(24) node_modules/_egg@2.25.0@egg/app/extend/request.js",
    "start": 1574146806543,
    "end": 1574146806546,
    "duration": 3,
    "pid": 153940,
    "index": 29
  },
  {
    "name": "Load extend/response.js",
    "start": 1574146806552,
    "end": 1574146806569,
    "duration": 17,
    "pid": 153940,
    "index": 30
  },
  {
    "name": "Require(25) node_modules/_egg@2.25.0@egg/app/extend/response.js",
    "start": 1574146806559,
    "end": 1574146806563,
    "duration": 4,
    "pid": 153940,
    "index": 31
  },
  {
    "name": "Load extend/context.js",
    "start": 1574146806570,
    "end": 1574146806719,
    "duration": 149,
    "pid": 153940,
    "index": 32
  },
  {
    "name": "Require(26) node_modules/_egg-security@2.7.1@egg-security/app/extend/context.js",
    "start": 1574146806571,
    "end": 1574146806597,
    "duration": 26,
    "pid": 153940,
    "index": 33
  },
  {
    "name": "Require(27) node_modules/_egg-jsonp@2.0.0@egg-jsonp/app/extend/context.js",
    "start": 1574146806598,
    "end": 1574146806602,
    "duration": 4,
    "pid": 153940,
    "index": 34
  },
  {
    "name": "Require(28) node_modules/_egg-i18n@2.1.1@egg-i18n/app/extend/context.js",
    "start": 1574146806604,
    "end": 1574146806605,
    "duration": 1,
    "pid": 153940,
    "index": 35
  },
  {
    "name": "Require(29) node_modules/_egg-multipart@2.9.1@egg-multipart/app/extend/context.js",
    "start": 1574146806608,
    "end": 1574146806701,
    "duration": 93,
    "pid": 153940,
    "index": 36
  },
  {
    "name": "Require(30) node_modules/_egg-view@2.1.2@egg-view/app/extend/context.js",
    "start": 1574146806703,
    "end": 1574146806705,
    "duration": 2,
    "pid": 153940,
    "index": 37
  },
  {
    "name": "Require(31) node_modules/_egg@2.25.0@egg/app/extend/context.js",
    "start": 1574146806706,
    "end": 1574146806713,
    "duration": 7,
    "pid": 153940,
    "index": 38
  },
  {
    "name": "Load extend/helper.js",
    "start": 1574146806719,
    "end": 1574146806780,
    "duration": 61,
    "pid": 153940,
    "index": 39
  },
  {
    "name": "Require(32) node_modules/_egg-security@2.7.1@egg-security/app/extend/helper.js",
    "start": 1574146806721,
    "end": 1574146806768,
    "duration": 47,
    "pid": 153940,
    "index": 40
  },
  {
    "name": "Require(33) node_modules/_egg@2.25.0@egg/app/extend/helper.js",
    "start": 1574146806773,
    "end": 1574146806774,
    "duration": 1,
    "pid": 153940,
    "index": 41
  },
  {
    "name": "Load app.js",
    "start": 1574146806781,
    "end": 1574146806856,
    "duration": 75,
    "pid": 153940,
    "index": 42
  },
  {
    "name": "Require(34) node_modules/_egg-session@3.1.0@egg-session/app.js",
    "start": 1574146806782,
    "end": 1574146806783,
    "duration": 1,
    "pid": 153940,
    "index": 43
  },
  {
    "name": "Require(35) node_modules/_egg-security@2.7.1@egg-security/app.js",
    "start": 1574146806784,
    "end": 1574146806788,
    "duration": 4,
    "pid": 153940,
    "index": 44
  },
  {
    "name": "Require(36) node_modules/_egg-onerror@2.1.0@egg-onerror/app.js",
    "start": 1574146806790,
    "end": 1574146806811,
    "duration": 21,
    "pid": 153940,
    "index": 45
  },
  {
    "name": "Require(37) node_modules/_egg-i18n@2.1.1@egg-i18n/app.js",
    "start": 1574146806812,
    "end": 1574146806829,
    "duration": 17,
    "pid": 153940,
    "index": 46
  },
  {
    "name": "Require(38) node_modules/_egg-watcher@3.1.0@egg-watcher/app.js",
    "start": 1574146806830,
    "end": 1574146806839,
    "duration": 9,
    "pid": 153940,
    "index": 47
  },
  {
    "name": "Require(39) node_modules/_egg-schedule@3.6.4@egg-schedule/app.js",
    "start": 1574146806839,
    "end": 1574146806844,
    "duration": 5,
    "pid": 153940,
    "index": 48
  },
  {
    "name": "Require(40) node_modules/_egg-multipart@2.9.1@egg-multipart/app.js",
    "start": 1574146806844,
    "end": 1574146806850,
    "duration": 6,
    "pid": 153940,
    "index": 49
  },
  {
    "name": "Require(41) node_modules/_egg-development@2.4.3@egg-development/app.js",
    "start": 1574146806851,
    "end": 1574146806851,
    "duration": 0,
    "pid": 153940,
    "index": 50
  },
  {
    "name": "Require(42) node_modules/_egg-logrotator@3.1.0@egg-logrotator/app.js",
    "start": 1574146806852,
    "end": 1574146806853,
    "duration": 1,
    "pid": 153940,
    "index": 51
  },
  {
    "name": "Require(43) node_modules/_egg-static@2.2.0@egg-static/app.js",
    "start": 1574146806853,
    "end": 1574146806854,
    "duration": 1,
    "pid": 153940,
    "index": 52
  },
  {
    "name": "Before Start in node_modules/_egg-watcher@3.1.0@egg-watcher/lib/init.js:15:14",
    "start": 1574146806880,
    "end": 1574146807210,
    "duration": 330,
    "pid": 153940,
    "index": 53
  },
  {
    "name": "Load Service",
    "start": 1574146806920,
    "end": 1574146806926,
    "duration": 6,
    "pid": 153940,
    "index": 54
  },
  {
    "name": "Load \"service\" to Context",
    "start": 1574146806920,
    "end": 1574146806926,
    "duration": 6,
    "pid": 153940,
    "index": 55
  },
  {
    "name": "Load Middleware",
    "start": 1574146806926,
    "end": 1574146807100,
    "duration": 174,
    "pid": 153940,
    "index": 56
  },
  {
    "name": "Load \"middlewares\" to Application",
    "start": 1574146806926,
    "end": 1574146807081,
    "duration": 155,
    "pid": 153940,
    "index": 57
  },
  {
    "name": "Load Controller",
    "start": 1574146807101,
    "end": 1574146807174,
    "duration": 73,
    "pid": 153940,
    "index": 58
  },
  {
    "name": "Load \"controller\" to Application",
    "start": 1574146807101,
    "end": 1574146807174,
    "duration": 73,
    "pid": 153940,
    "index": 59
  },
  {
    "name": "Load Router",
    "start": 1574146807174,
    "end": 1574146807185,
    "duration": 11,
    "pid": 153940,
    "index": 60
  },
  {
    "name": "Require(44) app/router.js",
    "start": 1574146807175,
    "end": 1574146807175,
    "duration": 0,
    "pid": 153940,
    "index": 61
  },
  {
    "name": "Before Start in node_modules/_egg-core@4.17.3@egg-core/lib/egg.js:303:10",
    "start": 1574146807176,
    "end": 1574146807198,
    "duration": 22,
    "pid": 153940,
    "index": 62
  }
]