[
  {
    "name": "Application Start",
    "start": 1574146914559,
    "end": 1574146915243,
    "duration": 684,
    "pid": 136360,
    "index": 0
  },
  {
    "name": "Load Plugin",
    "start": 1574146914572,
    "end": 1574146914614,
    "duration": 42,
    "pid": 136360,
    "index": 1
  },
  {
    "name": "Load Config",
    "start": 1574146914615,
    "end": 1574146914662,
    "duration": 47,
    "pid": 136360,
    "index": 2
  },
  {
    "name": "Require(0) config/config.default.js",
    "start": 1574146914617,
    "end": 1574146914618,
    "duration": 1,
    "pid": 136360,
    "index": 3
  },
  {
    "name": "Require(1) node_modules/_egg-session@3.1.0@egg-session/config/config.default.js",
    "start": 1574146914622,
    "end": 1574146914622,
    "duration": 0,
    "pid": 136360,
    "index": 4
  },
  {
    "name": "Require(2) node_modules/_egg-security@2.7.1@egg-security/config/config.default.js",
    "start": 1574146914623,
    "end": 1574146914624,
    "duration": 1,
    "pid": 136360,
    "index": 5
  },
  {
    "name": "Require(3) node_modules/_egg-jsonp@2.0.0@egg-jsonp/config/config.default.js",
    "start": 1574146914626,
    "end": 1574146914627,
    "duration": 1,
    "pid": 136360,
    "index": 6
  },
  {
    "name": "Require(4) node_modules/_egg-onerror@2.1.0@egg-onerror/config/config.default.js",
    "start": 1574146914628,
    "end": 1574146914629,
    "duration": 1,
    "pid": 136360,
    "index": 7
  },
  {
    "name": "Require(5) node_modules/_egg-i18n@2.1.1@egg-i18n/config/config.default.js",
    "start": 1574146914630,
    "end": 1574146914631,
    "duration": 1,
    "pid": 136360,
    "index": 8
  },
  {
    "name": "Require(6) node_modules/_egg-watcher@3.1.0@egg-watcher/config/config.default.js",
    "start": 1574146914633,
    "end": 1574146914634,
    "duration": 1,
    "pid": 136360,
    "index": 9
  },
  {
    "name": "Require(7) node_modules/_egg-schedule@3.6.4@egg-schedule/config/config.default.js",
    "start": 1574146914635,
    "end": 1574146914635,
    "duration": 0,
    "pid": 136360,
    "index": 10
  },
  {
    "name": "Require(8) node_modules/_egg-multipart@2.9.1@egg-multipart/config/config.default.js",
    "start": 1574146914637,
    "end": 1574146914638,
    "duration": 1,
    "pid": 136360,
    "index": 11
  },
  {
    "name": "Require(9) node_modules/_egg-development@2.4.3@egg-development/config/config.default.js",
    "start": 1574146914640,
    "end": 1574146914640,
    "duration": 0,
    "pid": 136360,
    "index": 12
  },
  {
    "name": "Require(10) node_modules/_egg-logrotator@3.1.0@egg-logrotator/config/config.default.js",
    "start": 1574146914641,
    "end": 1574146914642,
    "duration": 1,
    "pid": 136360,
    "index": 13
  },
  {
    "name": "Require(11) node_modules/_egg-static@2.2.0@egg-static/config/config.default.js",
    "start": 1574146914643,
    "end": 1574146914644,
    "duration": 1,
    "pid": 136360,
    "index": 14
  },
  {
    "name": "Require(12) node_modules/_egg-view@2.1.2@egg-view/config/config.default.js",
    "start": 1574146914645,
    "end": 1574146914645,
    "duration": 0,
    "pid": 136360,
    "index": 15
  },
  {
    "name": "Require(13) node_modules/_egg@2.25.0@egg/config/config.default.js",
    "start": 1574146914647,
    "end": 1574146914648,
    "duration": 1,
    "pid": 136360,
    "index": 16
  },
  {
    "name": "Require(14) config/config.default.js",
    "start": 1574146914651,
    "end": 1574146914651,
    "duration": 0,
    "pid": 136360,
    "index": 17
  },
  {
    "name": "Require(15) node_modules/_egg-security@2.7.1@egg-security/config/config.local.js",
    "start": 1574146914653,
    "end": 1574146914653,
    "duration": 0,
    "pid": 136360,
    "index": 18
  },
  {
    "name": "Require(16) node_modules/_egg-watcher@3.1.0@egg-watcher/config/config.local.js",
    "start": 1574146914656,
    "end": 1574146914656,
    "duration": 0,
    "pid": 136360,
    "index": 19
  },
  {
    "name": "Require(17) node_modules/_egg-view@2.1.2@egg-view/config/config.local.js",
    "start": 1574146914660,
    "end": 1574146914660,
    "duration": 0,
    "pid": 136360,
    "index": 20
  },
  {
    "name": "Require(18) node_modules/_egg@2.25.0@egg/config/config.local.js",
    "start": 1574146914661,
    "end": 1574146914662,
    "duration": 1,
    "pid": 136360,
    "index": 21
  },
  {
    "name": "Load extend/application.js",
    "start": 1574146914666,
    "end": 1574146914700,
    "duration": 34,
    "pid": 136360,
    "index": 22
  },
  {
    "name": "Require(19) node_modules/_egg-session@3.1.0@egg-session/app/extend/application.js",
    "start": 1574146914667,
    "end": 1574146914668,
    "duration": 1,
    "pid": 136360,
    "index": 23
  },
  {
    "name": "Require(20) node_modules/_egg-security@2.7.1@egg-security/app/extend/application.js",
    "start": 1574146914669,
    "end": 1574146914672,
    "duration": 3,
    "pid": 136360,
    "index": 24
  },
  {
    "name": "Require(21) node_modules/_egg-jsonp@2.0.0@egg-jsonp/app/extend/application.js",
    "start": 1574146914673,
    "end": 1574146914679,
    "duration": 6,
    "pid": 136360,
    "index": 25
  },
  {
    "name": "Require(22) node_modules/_egg-logrotator@3.1.0@egg-logrotator/app/extend/application.js",
    "start": 1574146914682,
    "end": 1574146914688,
    "duration": 6,
    "pid": 136360,
    "index": 26
  },
  {
    "name": "Require(23) node_modules/_egg-view@2.1.2@egg-view/app/extend/application.js",
    "start": 1574146914690,
    "end": 1574146914693,
    "duration": 3,
    "pid": 136360,
    "index": 27
  },
  {
    "name": "Load extend/request.js",
    "start": 1574146914700,
    "end": 1574146914716,
    "duration": 16,
    "pid": 136360,
    "index": 28
  },
  {
    "name": "Require(24) node_modules/_egg@2.25.0@egg/app/extend/request.js",
    "start": 1574146914707,
    "end": 1574146914710,
    "duration": 3,
    "pid": 136360,
    "index": 29
  },
  {
    "name": "Load extend/response.js",
    "start": 1574146914716,
    "end": 1574146914732,
    "duration": 16,
    "pid": 136360,
    "index": 30
  },
  {
    "name": "Require(25) node_modules/_egg@2.25.0@egg/app/extend/response.js",
    "start": 1574146914721,
    "end": 1574146914726,
    "duration": 5,
    "pid": 136360,
    "index": 31
  },
  {
    "name": "Load extend/context.js",
    "start": 1574146914732,
    "end": 1574146914876,
    "duration": 144,
    "pid": 136360,
    "index": 32
  },
  {
    "name": "Require(26) node_modules/_egg-security@2.7.1@egg-security/app/extend/context.js",
    "start": 1574146914733,
    "end": 1574146914767,
    "duration": 34,
    "pid": 136360,
    "index": 33
  },
  {
    "name": "Require(27) node_modules/_egg-jsonp@2.0.0@egg-jsonp/app/extend/context.js",
    "start": 1574146914768,
    "end": 1574146914771,
    "duration": 3,
    "pid": 136360,
    "index": 34
  },
  {
    "name": "Require(28) node_modules/_egg-i18n@2.1.1@egg-i18n/app/extend/context.js",
    "start": 1574146914773,
    "end": 1574146914774,
    "duration": 1,
    "pid": 136360,
    "index": 35
  },
  {
    "name": "Require(29) node_modules/_egg-multipart@2.9.1@egg-multipart/app/extend/context.js",
    "start": 1574146914775,
    "end": 1574146914865,
    "duration": 90,
    "pid": 136360,
    "index": 36
  },
  {
    "name": "Require(30) node_modules/_egg-view@2.1.2@egg-view/app/extend/context.js",
    "start": 1574146914866,
    "end": 1574146914867,
    "duration": 1,
    "pid": 136360,
    "index": 37
  },
  {
    "name": "Require(31) node_modules/_egg@2.25.0@egg/app/extend/context.js",
    "start": 1574146914868,
    "end": 1574146914873,
    "duration": 5,
    "pid": 136360,
    "index": 38
  },
  {
    "name": "Load extend/helper.js",
    "start": 1574146914876,
    "end": 1574146914907,
    "duration": 31,
    "pid": 136360,
    "index": 39
  },
  {
    "name": "Require(32) node_modules/_egg-security@2.7.1@egg-security/app/extend/helper.js",
    "start": 1574146914877,
    "end": 1574146914900,
    "duration": 23,
    "pid": 136360,
    "index": 40
  },
  {
    "name": "Require(33) node_modules/_egg@2.25.0@egg/app/extend/helper.js",
    "start": 1574146914904,
    "end": 1574146914904,
    "duration": 0,
    "pid": 136360,
    "index": 41
  },
  {
    "name": "Load app.js",
    "start": 1574146914908,
    "end": 1574146914951,
    "duration": 43,
    "pid": 136360,
    "index": 42
  },
  {
    "name": "Require(34) node_modules/_egg-session@3.1.0@egg-session/app.js",
    "start": 1574146914908,
    "end": 1574146914909,
    "duration": 1,
    "pid": 136360,
    "index": 43
  },
  {
    "name": "Require(35) node_modules/_egg-security@2.7.1@egg-security/app.js",
    "start": 1574146914909,
    "end": 1574146914911,
    "duration": 2,
    "pid": 136360,
    "index": 44
  },
  {
    "name": "Require(36) node_modules/_egg-onerror@2.1.0@egg-onerror/app.js",
    "start": 1574146914912,
    "end": 1574146914924,
    "duration": 12,
    "pid": 136360,
    "index": 45
  },
  {
    "name": "Require(37) node_modules/_egg-i18n@2.1.1@egg-i18n/app.js",
    "start": 1574146914924,
    "end": 1574146914933,
    "duration": 9,
    "pid": 136360,
    "index": 46
  },
  {
    "name": "Require(38) node_modules/_egg-watcher@3.1.0@egg-watcher/app.js",
    "start": 1574146914934,
    "end": 1574146914939,
    "duration": 5,
    "pid": 136360,
    "index": 47
  },
  {
    "name": "Require(39) node_modules/_egg-schedule@3.6.4@egg-schedule/app.js",
    "start": 1574146914940,
    "end": 1574146914943,
    "duration": 3,
    "pid": 136360,
    "index": 48
  },
  {
    "name": "Require(40) node_modules/_egg-multipart@2.9.1@egg-multipart/app.js",
    "start": 1574146914943,
    "end": 1574146914947,
    "duration": 4,
    "pid": 136360,
    "index": 49
  },
  {
    "name": "Require(41) node_modules/_egg-development@2.4.3@egg-development/app.js",
    "start": 1574146914947,
    "end": 1574146914948,
    "duration": 1,
    "pid": 136360,
    "index": 50
  },
  {
    "name": "Require(42) node_modules/_egg-logrotator@3.1.0@egg-logrotator/app.js",
    "start": 1574146914948,
    "end": 1574146914948,
    "duration": 0,
    "pid": 136360,
    "index": 51
  },
  {
    "name": "Require(43) node_modules/_egg-static@2.2.0@egg-static/app.js",
    "start": 1574146914949,
    "end": 1574146914949,
    "duration": 0,
    "pid": 136360,
    "index": 52
  },
  {
    "name": "Before Start in node_modules/_egg-watcher@3.1.0@egg-watcher/lib/init.js:15:14",
    "start": 1574146914969,
    "end": 1574146915242,
    "duration": 273,
    "pid": 136360,
    "index": 53
  },
  {
    "name": "Load Service",
    "start": 1574146915014,
    "end": 1574146915020,
    "duration": 6,
    "pid": 136360,
    "index": 54
  },
  {
    "name": "Load \"service\" to Context",
    "start": 1574146915014,
    "end": 1574146915020,
    "duration": 6,
    "pid": 136360,
    "index": 55
  },
  {
    "name": "Load Middleware",
    "start": 1574146915020,
    "end": 1574146915136,
    "duration": 116,
    "pid": 136360,
    "index": 56
  },
  {
    "name": "Load \"middlewares\" to Application",
    "start": 1574146915020,
    "end": 1574146915123,
    "duration": 103,
    "pid": 136360,
    "index": 57
  },
  {
    "name": "Load Controller",
    "start": 1574146915136,
    "end": 1574146915199,
    "duration": 63,
    "pid": 136360,
    "index": 58
  },
  {
    "name": "Load \"controller\" to Application",
    "start": 1574146915136,
    "end": 1574146915199,
    "duration": 63,
    "pid": 136360,
    "index": 59
  },
  {
    "name": "Load Router",
    "start": 1574146915199,
    "end": 1574146915212,
    "duration": 13,
    "pid": 136360,
    "index": 60
  },
  {
    "name": "Require(44) app/router.js",
    "start": 1574146915200,
    "end": 1574146915200,
    "duration": 0,
    "pid": 136360,
    "index": 61
  },
  {
    "name": "Before Start in node_modules/_egg-core@4.17.3@egg-core/lib/egg.js:303:10",
    "start": 1574146915201,
    "end": 1574146915228,
    "duration": 27,
    "pid": 136360,
    "index": 62
  }
]