[
  {
    "name": "Application Start",
    "start": 1574146961311,
    "end": 1574146962021,
    "duration": 710,
    "pid": 148596,
    "index": 0
  },
  {
    "name": "Load Plugin",
    "start": 1574146961320,
    "end": 1574146961352,
    "duration": 32,
    "pid": 148596,
    "index": 1
  },
  {
    "name": "Load Config",
    "start": 1574146961352,
    "end": 1574146961390,
    "duration": 38,
    "pid": 148596,
    "index": 2
  },
  {
    "name": "Require(0) config/config.default.js",
    "start": 1574146961354,
    "end": 1574146961355,
    "duration": 1,
    "pid": 148596,
    "index": 3
  },
  {
    "name": "Require(1) node_modules/_egg-session@3.1.0@egg-session/config/config.default.js",
    "start": 1574146961359,
    "end": 1574146961360,
    "duration": 1,
    "pid": 148596,
    "index": 4
  },
  {
    "name": "Require(2) node_modules/_egg-security@2.7.1@egg-security/config/config.default.js",
    "start": 1574146961361,
    "end": 1574146961362,
    "duration": 1,
    "pid": 148596,
    "index": 5
  },
  {
    "name": "Require(3) node_modules/_egg-jsonp@2.0.0@egg-jsonp/config/config.default.js",
    "start": 1574146961364,
    "end": 1574146961364,
    "duration": 0,
    "pid": 148596,
    "index": 6
  },
  {
    "name": "Require(4) node_modules/_egg-onerror@2.1.0@egg-onerror/config/config.default.js",
    "start": 1574146961365,
    "end": 1574146961366,
    "duration": 1,
    "pid": 148596,
    "index": 7
  },
  {
    "name": "Require(5) node_modules/_egg-i18n@2.1.1@egg-i18n/config/config.default.js",
    "start": 1574146961367,
    "end": 1574146961367,
    "duration": 0,
    "pid": 148596,
    "index": 8
  },
  {
    "name": "Require(6) node_modules/_egg-watcher@3.1.0@egg-watcher/config/config.default.js",
    "start": 1574146961369,
    "end": 1574146961370,
    "duration": 1,
    "pid": 148596,
    "index": 9
  },
  {
    "name": "Require(7) node_modules/_egg-schedule@3.6.4@egg-schedule/config/config.default.js",
    "start": 1574146961371,
    "end": 1574146961371,
    "duration": 0,
    "pid": 148596,
    "index": 10
  },
  {
    "name": "Require(8) node_modules/_egg-multipart@2.9.1@egg-multipart/config/config.default.js",
    "start": 1574146961373,
    "end": 1574146961373,
    "duration": 0,
    "pid": 148596,
    "index": 11
  },
  {
    "name": "Require(9) node_modules/_egg-development@2.4.3@egg-development/config/config.default.js",
    "start": 1574146961374,
    "end": 1574146961375,
    "duration": 1,
    "pid": 148596,
    "index": 12
  },
  {
    "name": "Require(10) node_modules/_egg-logrotator@3.1.0@egg-logrotator/config/config.default.js",
    "start": 1574146961376,
    "end": 1574146961376,
    "duration": 0,
    "pid": 148596,
    "index": 13
  },
  {
    "name": "Require(11) node_modules/_egg-static@2.2.0@egg-static/config/config.default.js",
    "start": 1574146961377,
    "end": 1574146961378,
    "duration": 1,
    "pid": 148596,
    "index": 14
  },
  {
    "name": "Require(12) node_modules/_egg-view@2.1.2@egg-view/config/config.default.js",
    "start": 1574146961379,
    "end": 1574146961379,
    "duration": 0,
    "pid": 148596,
    "index": 15
  },
  {
    "name": "Require(13) node_modules/_egg@2.25.0@egg/config/config.default.js",
    "start": 1574146961380,
    "end": 1574146961380,
    "duration": 0,
    "pid": 148596,
    "index": 16
  },
  {
    "name": "Require(14) config/config.default.js",
    "start": 1574146961382,
    "end": 1574146961382,
    "duration": 0,
    "pid": 148596,
    "index": 17
  },
  {
    "name": "Require(15) node_modules/_egg-security@2.7.1@egg-security/config/config.local.js",
    "start": 1574146961383,
    "end": 1574146961384,
    "duration": 1,
    "pid": 148596,
    "index": 18
  },
  {
    "name": "Require(16) node_modules/_egg-watcher@3.1.0@egg-watcher/config/config.local.js",
    "start": 1574146961385,
    "end": 1574146961386,
    "duration": 1,
    "pid": 148596,
    "index": 19
  },
  {
    "name": "Require(17) node_modules/_egg-view@2.1.2@egg-view/config/config.local.js",
    "start": 1574146961388,
    "end": 1574146961389,
    "duration": 1,
    "pid": 148596,
    "index": 20
  },
  {
    "name": "Require(18) node_modules/_egg@2.25.0@egg/config/config.local.js",
    "start": 1574146961389,
    "end": 1574146961390,
    "duration": 1,
    "pid": 148596,
    "index": 21
  },
  {
    "name": "Load extend/application.js",
    "start": 1574146961394,
    "end": 1574146961420,
    "duration": 26,
    "pid": 148596,
    "index": 22
  },
  {
    "name": "Require(19) node_modules/_egg-session@3.1.0@egg-session/app/extend/application.js",
    "start": 1574146961395,
    "end": 1574146961396,
    "duration": 1,
    "pid": 148596,
    "index": 23
  },
  {
    "name": "Require(20) node_modules/_egg-security@2.7.1@egg-security/app/extend/application.js",
    "start": 1574146961397,
    "end": 1574146961398,
    "duration": 1,
    "pid": 148596,
    "index": 24
  },
  {
    "name": "Require(21) node_modules/_egg-jsonp@2.0.0@egg-jsonp/app/extend/application.js",
    "start": 1574146961399,
    "end": 1574146961402,
    "duration": 3,
    "pid": 148596,
    "index": 25
  },
  {
    "name": "Require(22) node_modules/_egg-logrotator@3.1.0@egg-logrotator/app/extend/application.js",
    "start": 1574146961406,
    "end": 1574146961410,
    "duration": 4,
    "pid": 148596,
    "index": 26
  },
  {
    "name": "Require(23) node_modules/_egg-view@2.1.2@egg-view/app/extend/application.js",
    "start": 1574146961411,
    "end": 1574146961414,
    "duration": 3,
    "pid": 148596,
    "index": 27
  },
  {
    "name": "Load extend/request.js",
    "start": 1574146961420,
    "end": 1574146961432,
    "duration": 12,
    "pid": 148596,
    "index": 28
  },
  {
    "name": "Require(24) node_modules/_egg@2.25.0@egg/app/extend/request.js",
    "start": 1574146961425,
    "end": 1574146961427,
    "duration": 2,
    "pid": 148596,
    "index": 29
  },
  {
    "name": "Load extend/response.js",
    "start": 1574146961432,
    "end": 1574146961446,
    "duration": 14,
    "pid": 148596,
    "index": 30
  },
  {
    "name": "Require(25) node_modules/_egg@2.25.0@egg/app/extend/response.js",
    "start": 1574146961437,
    "end": 1574146961440,
    "duration": 3,
    "pid": 148596,
    "index": 31
  },
  {
    "name": "Load extend/context.js",
    "start": 1574146961446,
    "end": 1574146961572,
    "duration": 126,
    "pid": 148596,
    "index": 32
  },
  {
    "name": "Require(26) node_modules/_egg-security@2.7.1@egg-security/app/extend/context.js",
    "start": 1574146961447,
    "end": 1574146961471,
    "duration": 24,
    "pid": 148596,
    "index": 33
  },
  {
    "name": "Require(27) node_modules/_egg-jsonp@2.0.0@egg-jsonp/app/extend/context.js",
    "start": 1574146961472,
    "end": 1574146961474,
    "duration": 2,
    "pid": 148596,
    "index": 34
  },
  {
    "name": "Require(28) node_modules/_egg-i18n@2.1.1@egg-i18n/app/extend/context.js",
    "start": 1574146961475,
    "end": 1574146961475,
    "duration": 0,
    "pid": 148596,
    "index": 35
  },
  {
    "name": "Require(29) node_modules/_egg-multipart@2.9.1@egg-multipart/app/extend/context.js",
    "start": 1574146961477,
    "end": 1574146961551,
    "duration": 74,
    "pid": 148596,
    "index": 36
  },
  {
    "name": "Require(30) node_modules/_egg-view@2.1.2@egg-view/app/extend/context.js",
    "start": 1574146961552,
    "end": 1574146961557,
    "duration": 5,
    "pid": 148596,
    "index": 37
  },
  {
    "name": "Require(31) node_modules/_egg@2.25.0@egg/app/extend/context.js",
    "start": 1574146961558,
    "end": 1574146961565,
    "duration": 7,
    "pid": 148596,
    "index": 38
  },
  {
    "name": "Load extend/helper.js",
    "start": 1574146961572,
    "end": 1574146961621,
    "duration": 49,
    "pid": 148596,
    "index": 39
  },
  {
    "name": "Require(32) node_modules/_egg-security@2.7.1@egg-security/app/extend/helper.js",
    "start": 1574146961573,
    "end": 1574146961611,
    "duration": 38,
    "pid": 148596,
    "index": 40
  },
  {
    "name": "Require(33) node_modules/_egg@2.25.0@egg/app/extend/helper.js",
    "start": 1574146961615,
    "end": 1574146961616,
    "duration": 1,
    "pid": 148596,
    "index": 41
  },
  {
    "name": "Load app.js",
    "start": 1574146961621,
    "end": 1574146961676,
    "duration": 55,
    "pid": 148596,
    "index": 42
  },
  {
    "name": "Require(34) node_modules/_egg-session@3.1.0@egg-session/app.js",
    "start": 1574146961622,
    "end": 1574146961622,
    "duration": 0,
    "pid": 148596,
    "index": 43
  },
  {
    "name": "Require(35) node_modules/_egg-security@2.7.1@egg-security/app.js",
    "start": 1574146961623,
    "end": 1574146961625,
    "duration": 2,
    "pid": 148596,
    "index": 44
  },
  {
    "name": "Require(36) node_modules/_egg-onerror@2.1.0@egg-onerror/app.js",
    "start": 1574146961626,
    "end": 1574146961642,
    "duration": 16,
    "pid": 148596,
    "index": 45
  },
  {
    "name": "Require(37) node_modules/_egg-i18n@2.1.1@egg-i18n/app.js",
    "start": 1574146961643,
    "end": 1574146961656,
    "duration": 13,
    "pid": 148596,
    "index": 46
  },
  {
    "name": "Require(38) node_modules/_egg-watcher@3.1.0@egg-watcher/app.js",
    "start": 1574146961657,
    "end": 1574146961663,
    "duration": 6,
    "pid": 148596,
    "index": 47
  },
  {
    "name": "Require(39) node_modules/_egg-schedule@3.6.4@egg-schedule/app.js",
    "start": 1574146961664,
    "end": 1574146961666,
    "duration": 2,
    "pid": 148596,
    "index": 48
  },
  {
    "name": "Require(40) node_modules/_egg-multipart@2.9.1@egg-multipart/app.js",
    "start": 1574146961667,
    "end": 1574146961670,
    "duration": 3,
    "pid": 148596,
    "index": 49
  },
  {
    "name": "Require(41) node_modules/_egg-development@2.4.3@egg-development/app.js",
    "start": 1574146961671,
    "end": 1574146961671,
    "duration": 0,
    "pid": 148596,
    "index": 50
  },
  {
    "name": "Require(42) node_modules/_egg-logrotator@3.1.0@egg-logrotator/app.js",
    "start": 1574146961672,
    "end": 1574146961673,
    "duration": 1,
    "pid": 148596,
    "index": 51
  },
  {
    "name": "Require(43) node_modules/_egg-static@2.2.0@egg-static/app.js",
    "start": 1574146961673,
    "end": 1574146961674,
    "duration": 1,
    "pid": 148596,
    "index": 52
  },
  {
    "name": "Before Start in node_modules/_egg-watcher@3.1.0@egg-watcher/lib/init.js:15:14",
    "start": 1574146961697,
    "end": 1574146962020,
    "duration": 323,
    "pid": 148596,
    "index": 53
  },
  {
    "name": "Load Service",
    "start": 1574146961748,
    "end": 1574146961755,
    "duration": 7,
    "pid": 148596,
    "index": 54
  },
  {
    "name": "Load \"service\" to Context",
    "start": 1574146961748,
    "end": 1574146961755,
    "duration": 7,
    "pid": 148596,
    "index": 55
  },
  {
    "name": "Load Middleware",
    "start": 1574146961755,
    "end": 1574146961955,
    "duration": 200,
    "pid": 148596,
    "index": 56
  },
  {
    "name": "Load \"middlewares\" to Application",
    "start": 1574146961755,
    "end": 1574146961937,
    "duration": 182,
    "pid": 148596,
    "index": 57
  },
  {
    "name": "Load Controller",
    "start": 1574146961955,
    "end": 1574146961961,
    "duration": 6,
    "pid": 148596,
    "index": 58
  },
  {
    "name": "Load \"controller\" to Application",
    "start": 1574146961955,
    "end": 1574146961961,
    "duration": 6,
    "pid": 148596,
    "index": 59
  },
  {
    "name": "Load Router",
    "start": 1574146961961,
    "end": 1574146961978,
    "duration": 17,
    "pid": 148596,
    "index": 60
  },
  {
    "name": "Require(44) app/router.js",
    "start": 1574146961962,
    "end": 1574146961962,
    "duration": 0,
    "pid": 148596,
    "index": 61
  },
  {
    "name": "Before Start in node_modules/_egg-core@4.17.3@egg-core/lib/egg.js:303:10",
    "start": 1574146961963,
    "end": 1574146962002,
    "duration": 39,
    "pid": 148596,
    "index": 62
  }
]