[
  {
    "name": "Application Start",
    "start": 1574147095312,
    "end": 1574147096160,
    "duration": 848,
    "pid": 152064,
    "index": 0
  },
  {
    "name": "Load Plugin",
    "start": 1574147095319,
    "end": 1574147095355,
    "duration": 36,
    "pid": 152064,
    "index": 1
  },
  {
    "name": "Load Config",
    "start": 1574147095355,
    "end": 1574147095397,
    "duration": 42,
    "pid": 152064,
    "index": 2
  },
  {
    "name": "Require(0) config/config.default.js",
    "start": 1574147095357,
    "end": 1574147095357,
    "duration": 0,
    "pid": 152064,
    "index": 3
  },
  {
    "name": "Require(1) node_modules/_egg-session@3.1.0@egg-session/config/config.default.js",
    "start": 1574147095361,
    "end": 1574147095362,
    "duration": 1,
    "pid": 152064,
    "index": 4
  },
  {
    "name": "Require(2) node_modules/_egg-security@2.7.1@egg-security/config/config.default.js",
    "start": 1574147095363,
    "end": 1574147095364,
    "duration": 1,
    "pid": 152064,
    "index": 5
  },
  {
    "name": "Require(3) node_modules/_egg-jsonp@2.0.0@egg-jsonp/config/config.default.js",
    "start": 1574147095366,
    "end": 1574147095367,
    "duration": 1,
    "pid": 152064,
    "index": 6
  },
  {
    "name": "Require(4) node_modules/_egg-onerror@2.1.0@egg-onerror/config/config.default.js",
    "start": 1574147095368,
    "end": 1574147095368,
    "duration": 0,
    "pid": 152064,
    "index": 7
  },
  {
    "name": "Require(5) node_modules/_egg-i18n@2.1.1@egg-i18n/config/config.default.js",
    "start": 1574147095369,
    "end": 1574147095370,
    "duration": 1,
    "pid": 152064,
    "index": 8
  },
  {
    "name": "Require(6) node_modules/_egg-watcher@3.1.0@egg-watcher/config/config.default.js",
    "start": 1574147095372,
    "end": 1574147095372,
    "duration": 0,
    "pid": 152064,
    "index": 9
  },
  {
    "name": "Require(7) node_modules/_egg-schedule@3.6.4@egg-schedule/config/config.default.js",
    "start": 1574147095373,
    "end": 1574147095374,
    "duration": 1,
    "pid": 152064,
    "index": 10
  },
  {
    "name": "Require(8) node_modules/_egg-multipart@2.9.1@egg-multipart/config/config.default.js",
    "start": 1574147095375,
    "end": 1574147095376,
    "duration": 1,
    "pid": 152064,
    "index": 11
  },
  {
    "name": "Require(9) node_modules/_egg-development@2.4.3@egg-development/config/config.default.js",
    "start": 1574147095377,
    "end": 1574147095378,
    "duration": 1,
    "pid": 152064,
    "index": 12
  },
  {
    "name": "Require(10) node_modules/_egg-logrotator@3.1.0@egg-logrotator/config/config.default.js",
    "start": 1574147095379,
    "end": 1574147095380,
    "duration": 1,
    "pid": 152064,
    "index": 13
  },
  {
    "name": "Require(11) node_modules/_egg-static@2.2.0@egg-static/config/config.default.js",
    "start": 1574147095381,
    "end": 1574147095381,
    "duration": 0,
    "pid": 152064,
    "index": 14
  },
  {
    "name": "Require(12) node_modules/_egg-view@2.1.2@egg-view/config/config.default.js",
    "start": 1574147095383,
    "end": 1574147095383,
    "duration": 0,
    "pid": 152064,
    "index": 15
  },
  {
    "name": "Require(13) node_modules/_egg@2.25.0@egg/config/config.default.js",
    "start": 1574147095384,
    "end": 1574147095385,
    "duration": 1,
    "pid": 152064,
    "index": 16
  },
  {
    "name": "Require(14) config/config.default.js",
    "start": 1574147095388,
    "end": 1574147095388,
    "duration": 0,
    "pid": 152064,
    "index": 17
  },
  {
    "name": "Require(15) node_modules/_egg-security@2.7.1@egg-security/config/config.local.js",
    "start": 1574147095389,
    "end": 1574147095390,
    "duration": 1,
    "pid": 152064,
    "index": 18
  },
  {
    "name": "Require(16) node_modules/_egg-watcher@3.1.0@egg-watcher/config/config.local.js",
    "start": 1574147095392,
    "end": 1574147095392,
    "duration": 0,
    "pid": 152064,
    "index": 19
  },
  {
    "name": "Require(17) node_modules/_egg-view@2.1.2@egg-view/config/config.local.js",
    "start": 1574147095395,
    "end": 1574147095396,
    "duration": 1,
    "pid": 152064,
    "index": 20
  },
  {
    "name": "Require(18) node_modules/_egg@2.25.0@egg/config/config.local.js",
    "start": 1574147095396,
    "end": 1574147095397,
    "duration": 1,
    "pid": 152064,
    "index": 21
  },
  {
    "name": "Load extend/application.js",
    "start": 1574147095400,
    "end": 1574147095431,
    "duration": 31,
    "pid": 152064,
    "index": 22
  },
  {
    "name": "Require(19) node_modules/_egg-session@3.1.0@egg-session/app/extend/application.js",
    "start": 1574147095401,
    "end": 1574147095402,
    "duration": 1,
    "pid": 152064,
    "index": 23
  },
  {
    "name": "Require(20) node_modules/_egg-security@2.7.1@egg-security/app/extend/application.js",
    "start": 1574147095403,
    "end": 1574147095405,
    "duration": 2,
    "pid": 152064,
    "index": 24
  },
  {
    "name": "Require(21) node_modules/_egg-jsonp@2.0.0@egg-jsonp/app/extend/application.js",
    "start": 1574147095406,
    "end": 1574147095410,
    "duration": 4,
    "pid": 152064,
    "index": 25
  },
  {
    "name": "Require(22) node_modules/_egg-logrotator@3.1.0@egg-logrotator/app/extend/application.js",
    "start": 1574147095414,
    "end": 1574147095419,
    "duration": 5,
    "pid": 152064,
    "index": 26
  },
  {
    "name": "Require(23) node_modules/_egg-view@2.1.2@egg-view/app/extend/application.js",
    "start": 1574147095420,
    "end": 1574147095424,
    "duration": 4,
    "pid": 152064,
    "index": 27
  },
  {
    "name": "Load extend/request.js",
    "start": 1574147095432,
    "end": 1574147095450,
    "duration": 18,
    "pid": 152064,
    "index": 28
  },
  {
    "name": "Require(24) node_modules/_egg@2.25.0@egg/app/extend/request.js",
    "start": 1574147095438,
    "end": 1574147095442,
    "duration": 4,
    "pid": 152064,
    "index": 29
  },
  {
    "name": "Load extend/response.js",
    "start": 1574147095450,
    "end": 1574147095468,
    "duration": 18,
    "pid": 152064,
    "index": 30
  },
  {
    "name": "Require(25) node_modules/_egg@2.25.0@egg/app/extend/response.js",
    "start": 1574147095456,
    "end": 1574147095461,
    "duration": 5,
    "pid": 152064,
    "index": 31
  },
  {
    "name": "Load extend/context.js",
    "start": 1574147095468,
    "end": 1574147095623,
    "duration": 155,
    "pid": 152064,
    "index": 32
  },
  {
    "name": "Require(26) node_modules/_egg-security@2.7.1@egg-security/app/extend/context.js",
    "start": 1574147095469,
    "end": 1574147095494,
    "duration": 25,
    "pid": 152064,
    "index": 33
  },
  {
    "name": "Require(27) node_modules/_egg-jsonp@2.0.0@egg-jsonp/app/extend/context.js",
    "start": 1574147095495,
    "end": 1574147095499,
    "duration": 4,
    "pid": 152064,
    "index": 34
  },
  {
    "name": "Require(28) node_modules/_egg-i18n@2.1.1@egg-i18n/app/extend/context.js",
    "start": 1574147095500,
    "end": 1574147095501,
    "duration": 1,
    "pid": 152064,
    "index": 35
  },
  {
    "name": "Require(29) node_modules/_egg-multipart@2.9.1@egg-multipart/app/extend/context.js",
    "start": 1574147095503,
    "end": 1574147095602,
    "duration": 99,
    "pid": 152064,
    "index": 36
  },
  {
    "name": "Require(30) node_modules/_egg-view@2.1.2@egg-view/app/extend/context.js",
    "start": 1574147095604,
    "end": 1574147095606,
    "duration": 2,
    "pid": 152064,
    "index": 37
  },
  {
    "name": "Require(31) node_modules/_egg@2.25.0@egg/app/extend/context.js",
    "start": 1574147095607,
    "end": 1574147095615,
    "duration": 8,
    "pid": 152064,
    "index": 38
  },
  {
    "name": "Load extend/helper.js",
    "start": 1574147095623,
    "end": 1574147095678,
    "duration": 55,
    "pid": 152064,
    "index": 39
  },
  {
    "name": "Require(32) node_modules/_egg-security@2.7.1@egg-security/app/extend/helper.js",
    "start": 1574147095624,
    "end": 1574147095667,
    "duration": 43,
    "pid": 152064,
    "index": 40
  },
  {
    "name": "Require(33) node_modules/_egg@2.25.0@egg/app/extend/helper.js",
    "start": 1574147095671,
    "end": 1574147095672,
    "duration": 1,
    "pid": 152064,
    "index": 41
  },
  {
    "name": "Load app.js",
    "start": 1574147095679,
    "end": 1574147095754,
    "duration": 75,
    "pid": 152064,
    "index": 42
  },
  {
    "name": "Require(34) node_modules/_egg-session@3.1.0@egg-session/app.js",
    "start": 1574147095680,
    "end": 1574147095681,
    "duration": 1,
    "pid": 152064,
    "index": 43
  },
  {
    "name": "Require(35) node_modules/_egg-security@2.7.1@egg-security/app.js",
    "start": 1574147095682,
    "end": 1574147095686,
    "duration": 4,
    "pid": 152064,
    "index": 44
  },
  {
    "name": "Require(36) node_modules/_egg-onerror@2.1.0@egg-onerror/app.js",
    "start": 1574147095687,
    "end": 1574147095709,
    "duration": 22,
    "pid": 152064,
    "index": 45
  },
  {
    "name": "Require(37) node_modules/_egg-i18n@2.1.1@egg-i18n/app.js",
    "start": 1574147095710,
    "end": 1574147095728,
    "duration": 18,
    "pid": 152064,
    "index": 46
  },
  {
    "name": "Require(38) node_modules/_egg-watcher@3.1.0@egg-watcher/app.js",
    "start": 1574147095728,
    "end": 1574147095737,
    "duration": 9,
    "pid": 152064,
    "index": 47
  },
  {
    "name": "Require(39) node_modules/_egg-schedule@3.6.4@egg-schedule/app.js",
    "start": 1574147095738,
    "end": 1574147095741,
    "duration": 3,
    "pid": 152064,
    "index": 48
  },
  {
    "name": "Require(40) node_modules/_egg-multipart@2.9.1@egg-multipart/app.js",
    "start": 1574147095742,
    "end": 1574147095748,
    "duration": 6,
    "pid": 152064,
    "index": 49
  },
  {
    "name": "Require(41) node_modules/_egg-development@2.4.3@egg-development/app.js",
    "start": 1574147095748,
    "end": 1574147095749,
    "duration": 1,
    "pid": 152064,
    "index": 50
  },
  {
    "name": "Require(42) node_modules/_egg-logrotator@3.1.0@egg-logrotator/app.js",
    "start": 1574147095750,
    "end": 1574147095750,
    "duration": 0,
    "pid": 152064,
    "index": 51
  },
  {
    "name": "Require(43) node_modules/_egg-static@2.2.0@egg-static/app.js",
    "start": 1574147095751,
    "end": 1574147095751,
    "duration": 0,
    "pid": 152064,
    "index": 52
  },
  {
    "name": "Before Start in node_modules/_egg-watcher@3.1.0@egg-watcher/lib/init.js:15:14",
    "start": 1574147095784,
    "end": 1574147096159,
    "duration": 375,
    "pid": 152064,
    "index": 53
  },
  {
    "name": "Load Service",
    "start": 1574147095871,
    "end": 1574147095886,
    "duration": 15,
    "pid": 152064,
    "index": 54
  },
  {
    "name": "Load \"service\" to Context",
    "start": 1574147095872,
    "end": 1574147095886,
    "duration": 14,
    "pid": 152064,
    "index": 55
  },
  {
    "name": "Load Middleware",
    "start": 1574147095886,
    "end": 1574147096111,
    "duration": 225,
    "pid": 152064,
    "index": 56
  },
  {
    "name": "Load \"middlewares\" to Application",
    "start": 1574147095887,
    "end": 1574147096095,
    "duration": 208,
    "pid": 152064,
    "index": 57
  },
  {
    "name": "Load Controller",
    "start": 1574147096111,
    "end": 1574147096115,
    "duration": 4,
    "pid": 152064,
    "index": 58
  },
  {
    "name": "Load \"controller\" to Application",
    "start": 1574147096111,
    "end": 1574147096115,
    "duration": 4,
    "pid": 152064,
    "index": 59
  },
  {
    "name": "Load Router",
    "start": 1574147096115,
    "end": 1574147096127,
    "duration": 12,
    "pid": 152064,
    "index": 60
  },
  {
    "name": "Require(44) app/router.js",
    "start": 1574147096116,
    "end": 1574147096117,
    "duration": 1,
    "pid": 152064,
    "index": 61
  },
  {
    "name": "Before Start in node_modules/_egg-core@4.17.3@egg-core/lib/egg.js:303:10",
    "start": 1574147096117,
    "end": 1574147096143,
    "duration": 26,
    "pid": 152064,
    "index": 62
  }
]