[
  {
    "name": "Application Start",
    "start": 1574146862320,
    "end": 1574146862909,
    "duration": 589,
    "pid": 155396,
    "index": 0
  },
  {
    "name": "Load Plugin",
    "start": 1574146862327,
    "end": 1574146862349,
    "duration": 22,
    "pid": 155396,
    "index": 1
  },
  {
    "name": "Load Config",
    "start": 1574146862349,
    "end": 1574146862375,
    "duration": 26,
    "pid": 155396,
    "index": 2
  },
  {
    "name": "Require(0) config/config.default.js",
    "start": 1574146862350,
    "end": 1574146862350,
    "duration": 0,
    "pid": 155396,
    "index": 3
  },
  {
    "name": "Require(1) node_modules/_egg-session@3.1.0@egg-session/config/config.default.js",
    "start": 1574146862352,
    "end": 1574146862353,
    "duration": 1,
    "pid": 155396,
    "index": 4
  },
  {
    "name": "Require(2) node_modules/_egg-security@2.7.1@egg-security/config/config.default.js",
    "start": 1574146862353,
    "end": 1574146862353,
    "duration": 0,
    "pid": 155396,
    "index": 5
  },
  {
    "name": "Require(3) node_modules/_egg-jsonp@2.0.0@egg-jsonp/config/config.default.js",
    "start": 1574146862355,
    "end": 1574146862355,
    "duration": 0,
    "pid": 155396,
    "index": 6
  },
  {
    "name": "Require(4) node_modules/_egg-onerror@2.1.0@egg-onerror/config/config.default.js",
    "start": 1574146862355,
    "end": 1574146862356,
    "duration": 1,
    "pid": 155396,
    "index": 7
  },
  {
    "name": "Require(5) node_modules/_egg-i18n@2.1.1@egg-i18n/config/config.default.js",
    "start": 1574146862357,
    "end": 1574146862357,
    "duration": 0,
    "pid": 155396,
    "index": 8
  },
  {
    "name": "Require(6) node_modules/_egg-watcher@3.1.0@egg-watcher/config/config.default.js",
    "start": 1574146862359,
    "end": 1574146862359,
    "duration": 0,
    "pid": 155396,
    "index": 9
  },
  {
    "name": "Require(7) node_modules/_egg-schedule@3.6.4@egg-schedule/config/config.default.js",
    "start": 1574146862360,
    "end": 1574146862361,
    "duration": 1,
    "pid": 155396,
    "index": 10
  },
  {
    "name": "Require(8) node_modules/_egg-multipart@2.9.1@egg-multipart/config/config.default.js",
    "start": 1574146862362,
    "end": 1574146862362,
    "duration": 0,
    "pid": 155396,
    "index": 11
  },
  {
    "name": "Require(9) node_modules/_egg-development@2.4.3@egg-development/config/config.default.js",
    "start": 1574146862363,
    "end": 1574146862363,
    "duration": 0,
    "pid": 155396,
    "index": 12
  },
  {
    "name": "Require(10) node_modules/_egg-logrotator@3.1.0@egg-logrotator/config/config.default.js",
    "start": 1574146862364,
    "end": 1574146862364,
    "duration": 0,
    "pid": 155396,
    "index": 13
  },
  {
    "name": "Require(11) node_modules/_egg-static@2.2.0@egg-static/config/config.default.js",
    "start": 1574146862365,
    "end": 1574146862365,
    "duration": 0,
    "pid": 155396,
    "index": 14
  },
  {
    "name": "Require(12) node_modules/_egg-view@2.1.2@egg-view/config/config.default.js",
    "start": 1574146862366,
    "end": 1574146862367,
    "duration": 1,
    "pid": 155396,
    "index": 15
  },
  {
    "name": "Require(13) node_modules/_egg@2.25.0@egg/config/config.default.js",
    "start": 1574146862367,
    "end": 1574146862368,
    "duration": 1,
    "pid": 155396,
    "index": 16
  },
  {
    "name": "Require(14) config/config.default.js",
    "start": 1574146862370,
    "end": 1574146862370,
    "duration": 0,
    "pid": 155396,
    "index": 17
  },
  {
    "name": "Require(15) node_modules/_egg-security@2.7.1@egg-security/config/config.local.js",
    "start": 1574146862370,
    "end": 1574146862371,
    "duration": 1,
    "pid": 155396,
    "index": 18
  },
  {
    "name": "Require(16) node_modules/_egg-watcher@3.1.0@egg-watcher/config/config.local.js",
    "start": 1574146862372,
    "end": 1574146862372,
    "duration": 0,
    "pid": 155396,
    "index": 19
  },
  {
    "name": "Require(17) node_modules/_egg-view@2.1.2@egg-view/config/config.local.js",
    "start": 1574146862374,
    "end": 1574146862374,
    "duration": 0,
    "pid": 155396,
    "index": 20
  },
  {
    "name": "Require(18) node_modules/_egg@2.25.0@egg/config/config.local.js",
    "start": 1574146862375,
    "end": 1574146862375,
    "duration": 0,
    "pid": 155396,
    "index": 21
  },
  {
    "name": "Load extend/application.js",
    "start": 1574146862378,
    "end": 1574146862401,
    "duration": 23,
    "pid": 155396,
    "index": 22
  },
  {
    "name": "Require(19) node_modules/_egg-session@3.1.0@egg-session/app/extend/application.js",
    "start": 1574146862379,
    "end": 1574146862380,
    "duration": 1,
    "pid": 155396,
    "index": 23
  },
  {
    "name": "Require(20) node_modules/_egg-security@2.7.1@egg-security/app/extend/application.js",
    "start": 1574146862381,
    "end": 1574146862383,
    "duration": 2,
    "pid": 155396,
    "index": 24
  },
  {
    "name": "Require(21) node_modules/_egg-jsonp@2.0.0@egg-jsonp/app/extend/application.js",
    "start": 1574146862383,
    "end": 1574146862386,
    "duration": 3,
    "pid": 155396,
    "index": 25
  },
  {
    "name": "Require(22) node_modules/_egg-logrotator@3.1.0@egg-logrotator/app/extend/application.js",
    "start": 1574146862390,
    "end": 1574146862394,
    "duration": 4,
    "pid": 155396,
    "index": 26
  },
  {
    "name": "Require(23) node_modules/_egg-view@2.1.2@egg-view/app/extend/application.js",
    "start": 1574146862395,
    "end": 1574146862397,
    "duration": 2,
    "pid": 155396,
    "index": 27
  },
  {
    "name": "Load extend/request.js",
    "start": 1574146862401,
    "end": 1574146862410,
    "duration": 9,
    "pid": 155396,
    "index": 28
  },
  {
    "name": "Require(24) node_modules/_egg@2.25.0@egg/app/extend/request.js",
    "start": 1574146862405,
    "end": 1574146862406,
    "duration": 1,
    "pid": 155396,
    "index": 29
  },
  {
    "name": "Load extend/response.js",
    "start": 1574146862410,
    "end": 1574146862422,
    "duration": 12,
    "pid": 155396,
    "index": 30
  },
  {
    "name": "Require(25) node_modules/_egg@2.25.0@egg/app/extend/response.js",
    "start": 1574146862414,
    "end": 1574146862417,
    "duration": 3,
    "pid": 155396,
    "index": 31
  },
  {
    "name": "Load extend/context.js",
    "start": 1574146862422,
    "end": 1574146862516,
    "duration": 94,
    "pid": 155396,
    "index": 32
  },
  {
    "name": "Require(26) node_modules/_egg-security@2.7.1@egg-security/app/extend/context.js",
    "start": 1574146862423,
    "end": 1574146862440,
    "duration": 17,
    "pid": 155396,
    "index": 33
  },
  {
    "name": "Require(27) node_modules/_egg-jsonp@2.0.0@egg-jsonp/app/extend/context.js",
    "start": 1574146862441,
    "end": 1574146862443,
    "duration": 2,
    "pid": 155396,
    "index": 34
  },
  {
    "name": "Require(28) node_modules/_egg-i18n@2.1.1@egg-i18n/app/extend/context.js",
    "start": 1574146862444,
    "end": 1574146862444,
    "duration": 0,
    "pid": 155396,
    "index": 35
  },
  {
    "name": "Require(29) node_modules/_egg-multipart@2.9.1@egg-multipart/app/extend/context.js",
    "start": 1574146862445,
    "end": 1574146862505,
    "duration": 60,
    "pid": 155396,
    "index": 36
  },
  {
    "name": "Require(30) node_modules/_egg-view@2.1.2@egg-view/app/extend/context.js",
    "start": 1574146862507,
    "end": 1574146862508,
    "duration": 1,
    "pid": 155396,
    "index": 37
  },
  {
    "name": "Require(31) node_modules/_egg@2.25.0@egg/app/extend/context.js",
    "start": 1574146862508,
    "end": 1574146862513,
    "duration": 5,
    "pid": 155396,
    "index": 38
  },
  {
    "name": "Load extend/helper.js",
    "start": 1574146862516,
    "end": 1574146862552,
    "duration": 36,
    "pid": 155396,
    "index": 39
  },
  {
    "name": "Require(32) node_modules/_egg-security@2.7.1@egg-security/app/extend/helper.js",
    "start": 1574146862517,
    "end": 1574146862543,
    "duration": 26,
    "pid": 155396,
    "index": 40
  },
  {
    "name": "Require(33) node_modules/_egg@2.25.0@egg/app/extend/helper.js",
    "start": 1574146862546,
    "end": 1574146862547,
    "duration": 1,
    "pid": 155396,
    "index": 41
  },
  {
    "name": "Load app.js",
    "start": 1574146862552,
    "end": 1574146862604,
    "duration": 52,
    "pid": 155396,
    "index": 42
  },
  {
    "name": "Require(34) node_modules/_egg-session@3.1.0@egg-session/app.js",
    "start": 1574146862553,
    "end": 1574146862554,
    "duration": 1,
    "pid": 155396,
    "index": 43
  },
  {
    "name": "Require(35) node_modules/_egg-security@2.7.1@egg-security/app.js",
    "start": 1574146862555,
    "end": 1574146862557,
    "duration": 2,
    "pid": 155396,
    "index": 44
  },
  {
    "name": "Require(36) node_modules/_egg-onerror@2.1.0@egg-onerror/app.js",
    "start": 1574146862559,
    "end": 1574146862575,
    "duration": 16,
    "pid": 155396,
    "index": 45
  },
  {
    "name": "Require(37) node_modules/_egg-i18n@2.1.1@egg-i18n/app.js",
    "start": 1574146862576,
    "end": 1574146862585,
    "duration": 9,
    "pid": 155396,
    "index": 46
  },
  {
    "name": "Require(38) node_modules/_egg-watcher@3.1.0@egg-watcher/app.js",
    "start": 1574146862586,
    "end": 1574146862591,
    "duration": 5,
    "pid": 155396,
    "index": 47
  },
  {
    "name": "Require(39) node_modules/_egg-schedule@3.6.4@egg-schedule/app.js",
    "start": 1574146862591,
    "end": 1574146862594,
    "duration": 3,
    "pid": 155396,
    "index": 48
  },
  {
    "name": "Require(40) node_modules/_egg-multipart@2.9.1@egg-multipart/app.js",
    "start": 1574146862595,
    "end": 1574146862599,
    "duration": 4,
    "pid": 155396,
    "index": 49
  },
  {
    "name": "Require(41) node_modules/_egg-development@2.4.3@egg-development/app.js",
    "start": 1574146862600,
    "end": 1574146862600,
    "duration": 0,
    "pid": 155396,
    "index": 50
  },
  {
    "name": "Require(42) node_modules/_egg-logrotator@3.1.0@egg-logrotator/app.js",
    "start": 1574146862601,
    "end": 1574146862601,
    "duration": 0,
    "pid": 155396,
    "index": 51
  },
  {
    "name": "Require(43) node_modules/_egg-static@2.2.0@egg-static/app.js",
    "start": 1574146862602,
    "end": 1574146862602,
    "duration": 0,
    "pid": 155396,
    "index": 52
  },
  {
    "name": "Before Start in node_modules/_egg-watcher@3.1.0@egg-watcher/lib/init.js:15:14",
    "start": 1574146862626,
    "end": 1574146862908,
    "duration": 282,
    "pid": 155396,
    "index": 53
  },
  {
    "name": "Load Service",
    "start": 1574146862685,
    "end": 1574146862693,
    "duration": 8,
    "pid": 155396,
    "index": 54
  },
  {
    "name": "Load \"service\" to Context",
    "start": 1574146862685,
    "end": 1574146862693,
    "duration": 8,
    "pid": 155396,
    "index": 55
  },
  {
    "name": "Load Middleware",
    "start": 1574146862693,
    "end": 1574146862812,
    "duration": 119,
    "pid": 155396,
    "index": 56
  },
  {
    "name": "Load \"middlewares\" to Application",
    "start": 1574146862694,
    "end": 1574146862795,
    "duration": 101,
    "pid": 155396,
    "index": 57
  },
  {
    "name": "Load Controller",
    "start": 1574146862812,
    "end": 1574146862870,
    "duration": 58,
    "pid": 155396,
    "index": 58
  },
  {
    "name": "Load \"controller\" to Application",
    "start": 1574146862812,
    "end": 1574146862870,
    "duration": 58,
    "pid": 155396,
    "index": 59
  },
  {
    "name": "Load Router",
    "start": 1574146862870,
    "end": 1574146862879,
    "duration": 9,
    "pid": 155396,
    "index": 60
  },
  {
    "name": "Require(44) app/router.js",
    "start": 1574146862870,
    "end": 1574146862871,
    "duration": 1,
    "pid": 155396,
    "index": 61
  },
  {
    "name": "Before Start in node_modules/_egg-core@4.17.3@egg-core/lib/egg.js:303:10",
    "start": 1574146862871,
    "end": 1574146862891,
    "duration": 20,
    "pid": 155396,
    "index": 62
  }
]