[
  {
    "name": "Application Start",
    "start": 1574147293746,
    "end": 1574147294529,
    "duration": 783,
    "pid": 44400,
    "index": 0
  },
  {
    "name": "Load Plugin",
    "start": 1574147293761,
    "end": 1574147293812,
    "duration": 51,
    "pid": 44400,
    "index": 1
  },
  {
    "name": "Load Config",
    "start": 1574147293812,
    "end": 1574147293853,
    "duration": 41,
    "pid": 44400,
    "index": 2
  },
  {
    "name": "Require(0) config/config.default.js",
    "start": 1574147293814,
    "end": 1574147293815,
    "duration": 1,
    "pid": 44400,
    "index": 3
  },
  {
    "name": "Require(1) node_modules/_egg-session@3.1.0@egg-session/config/config.default.js",
    "start": 1574147293819,
    "end": 1574147293820,
    "duration": 1,
    "pid": 44400,
    "index": 4
  },
  {
    "name": "Require(2) node_modules/_egg-security@2.7.1@egg-security/config/config.default.js",
    "start": 1574147293821,
    "end": 1574147293822,
    "duration": 1,
    "pid": 44400,
    "index": 5
  },
  {
    "name": "Require(3) node_modules/_egg-jsonp@2.0.0@egg-jsonp/config/config.default.js",
    "start": 1574147293824,
    "end": 1574147293825,
    "duration": 1,
    "pid": 44400,
    "index": 6
  },
  {
    "name": "Require(4) node_modules/_egg-onerror@2.1.0@egg-onerror/config/config.default.js",
    "start": 1574147293826,
    "end": 1574147293827,
    "duration": 1,
    "pid": 44400,
    "index": 7
  },
  {
    "name": "Require(5) node_modules/_egg-i18n@2.1.1@egg-i18n/config/config.default.js",
    "start": 1574147293828,
    "end": 1574147293829,
    "duration": 1,
    "pid": 44400,
    "index": 8
  },
  {
    "name": "Require(6) node_modules/_egg-watcher@3.1.0@egg-watcher/config/config.default.js",
    "start": 1574147293831,
    "end": 1574147293832,
    "duration": 1,
    "pid": 44400,
    "index": 9
  },
  {
    "name": "Require(7) node_modules/_egg-schedule@3.6.4@egg-schedule/config/config.default.js",
    "start": 1574147293833,
    "end": 1574147293834,
    "duration": 1,
    "pid": 44400,
    "index": 10
  },
  {
    "name": "Require(8) node_modules/_egg-multipart@2.9.1@egg-multipart/config/config.default.js",
    "start": 1574147293835,
    "end": 1574147293835,
    "duration": 0,
    "pid": 44400,
    "index": 11
  },
  {
    "name": "Require(9) node_modules/_egg-development@2.4.3@egg-development/config/config.default.js",
    "start": 1574147293836,
    "end": 1574147293837,
    "duration": 1,
    "pid": 44400,
    "index": 12
  },
  {
    "name": "Require(10) node_modules/_egg-logrotator@3.1.0@egg-logrotator/config/config.default.js",
    "start": 1574147293838,
    "end": 1574147293838,
    "duration": 0,
    "pid": 44400,
    "index": 13
  },
  {
    "name": "Require(11) node_modules/_egg-static@2.2.0@egg-static/config/config.default.js",
    "start": 1574147293839,
    "end": 1574147293840,
    "duration": 1,
    "pid": 44400,
    "index": 14
  },
  {
    "name": "Require(12) node_modules/_egg-view@2.1.2@egg-view/config/config.default.js",
    "start": 1574147293841,
    "end": 1574147293841,
    "duration": 0,
    "pid": 44400,
    "index": 15
  },
  {
    "name": "Require(13) node_modules/_egg@2.25.0@egg/config/config.default.js",
    "start": 1574147293842,
    "end": 1574147293842,
    "duration": 0,
    "pid": 44400,
    "index": 16
  },
  {
    "name": "Require(14) config/config.default.js",
    "start": 1574147293845,
    "end": 1574147293845,
    "duration": 0,
    "pid": 44400,
    "index": 17
  },
  {
    "name": "Require(15) node_modules/_egg-security@2.7.1@egg-security/config/config.local.js",
    "start": 1574147293846,
    "end": 1574147293847,
    "duration": 1,
    "pid": 44400,
    "index": 18
  },
  {
    "name": "Require(16) node_modules/_egg-watcher@3.1.0@egg-watcher/config/config.local.js",
    "start": 1574147293848,
    "end": 1574147293849,
    "duration": 1,
    "pid": 44400,
    "index": 19
  },
  {
    "name": "Require(17) node_modules/_egg-view@2.1.2@egg-view/config/config.local.js",
    "start": 1574147293851,
    "end": 1574147293852,
    "duration": 1,
    "pid": 44400,
    "index": 20
  },
  {
    "name": "Require(18) node_modules/_egg@2.25.0@egg/config/config.local.js",
    "start": 1574147293853,
    "end": 1574147293853,
    "duration": 0,
    "pid": 44400,
    "index": 21
  },
  {
    "name": "Load extend/application.js",
    "start": 1574147293856,
    "end": 1574147293878,
    "duration": 22,
    "pid": 44400,
    "index": 22
  },
  {
    "name": "Require(19) node_modules/_egg-session@3.1.0@egg-session/app/extend/application.js",
    "start": 1574147293857,
    "end": 1574147293857,
    "duration": 0,
    "pid": 44400,
    "index": 23
  },
  {
    "name": "Require(20) node_modules/_egg-security@2.7.1@egg-security/app/extend/application.js",
    "start": 1574147293858,
    "end": 1574147293860,
    "duration": 2,
    "pid": 44400,
    "index": 24
  },
  {
    "name": "Require(21) node_modules/_egg-jsonp@2.0.0@egg-jsonp/app/extend/application.js",
    "start": 1574147293860,
    "end": 1574147293863,
    "duration": 3,
    "pid": 44400,
    "index": 25
  },
  {
    "name": "Require(22) node_modules/_egg-logrotator@3.1.0@egg-logrotator/app/extend/application.js",
    "start": 1574147293865,
    "end": 1574147293869,
    "duration": 4,
    "pid": 44400,
    "index": 26
  },
  {
    "name": "Require(23) node_modules/_egg-view@2.1.2@egg-view/app/extend/application.js",
    "start": 1574147293870,
    "end": 1574147293872,
    "duration": 2,
    "pid": 44400,
    "index": 27
  },
  {
    "name": "Load extend/request.js",
    "start": 1574147293878,
    "end": 1574147293888,
    "duration": 10,
    "pid": 44400,
    "index": 28
  },
  {
    "name": "Require(24) node_modules/_egg@2.25.0@egg/app/extend/request.js",
    "start": 1574147293882,
    "end": 1574147293884,
    "duration": 2,
    "pid": 44400,
    "index": 29
  },
  {
    "name": "Load extend/response.js",
    "start": 1574147293889,
    "end": 1574147293900,
    "duration": 11,
    "pid": 44400,
    "index": 30
  },
  {
    "name": "Require(25) node_modules/_egg@2.25.0@egg/app/extend/response.js",
    "start": 1574147293892,
    "end": 1574147293895,
    "duration": 3,
    "pid": 44400,
    "index": 31
  },
  {
    "name": "Load extend/context.js",
    "start": 1574147293900,
    "end": 1574147294015,
    "duration": 115,
    "pid": 44400,
    "index": 32
  },
  {
    "name": "Require(26) node_modules/_egg-security@2.7.1@egg-security/app/extend/context.js",
    "start": 1574147293901,
    "end": 1574147293921,
    "duration": 20,
    "pid": 44400,
    "index": 33
  },
  {
    "name": "Require(27) node_modules/_egg-jsonp@2.0.0@egg-jsonp/app/extend/context.js",
    "start": 1574147293922,
    "end": 1574147293924,
    "duration": 2,
    "pid": 44400,
    "index": 34
  },
  {
    "name": "Require(28) node_modules/_egg-i18n@2.1.1@egg-i18n/app/extend/context.js",
    "start": 1574147293926,
    "end": 1574147293926,
    "duration": 0,
    "pid": 44400,
    "index": 35
  },
  {
    "name": "Require(29) node_modules/_egg-multipart@2.9.1@egg-multipart/app/extend/context.js",
    "start": 1574147293928,
    "end": 1574147294006,
    "duration": 78,
    "pid": 44400,
    "index": 36
  },
  {
    "name": "Require(30) node_modules/_egg-view@2.1.2@egg-view/app/extend/context.js",
    "start": 1574147294007,
    "end": 1574147294008,
    "duration": 1,
    "pid": 44400,
    "index": 37
  },
  {
    "name": "Require(31) node_modules/_egg@2.25.0@egg/app/extend/context.js",
    "start": 1574147294009,
    "end": 1574147294011,
    "duration": 2,
    "pid": 44400,
    "index": 38
  },
  {
    "name": "Load extend/helper.js",
    "start": 1574147294015,
    "end": 1574147294050,
    "duration": 35,
    "pid": 44400,
    "index": 39
  },
  {
    "name": "Require(32) node_modules/_egg-security@2.7.1@egg-security/app/extend/helper.js",
    "start": 1574147294016,
    "end": 1574147294041,
    "duration": 25,
    "pid": 44400,
    "index": 40
  },
  {
    "name": "Require(33) node_modules/_egg@2.25.0@egg/app/extend/helper.js",
    "start": 1574147294045,
    "end": 1574147294046,
    "duration": 1,
    "pid": 44400,
    "index": 41
  },
  {
    "name": "Load app.js",
    "start": 1574147294050,
    "end": 1574147294099,
    "duration": 49,
    "pid": 44400,
    "index": 42
  },
  {
    "name": "Require(34) node_modules/_egg-session@3.1.0@egg-session/app.js",
    "start": 1574147294051,
    "end": 1574147294051,
    "duration": 0,
    "pid": 44400,
    "index": 43
  },
  {
    "name": "Require(35) node_modules/_egg-security@2.7.1@egg-security/app.js",
    "start": 1574147294052,
    "end": 1574147294054,
    "duration": 2,
    "pid": 44400,
    "index": 44
  },
  {
    "name": "Require(36) node_modules/_egg-onerror@2.1.0@egg-onerror/app.js",
    "start": 1574147294056,
    "end": 1574147294072,
    "duration": 16,
    "pid": 44400,
    "index": 45
  },
  {
    "name": "Require(37) node_modules/_egg-i18n@2.1.1@egg-i18n/app.js",
    "start": 1574147294073,
    "end": 1574147294084,
    "duration": 11,
    "pid": 44400,
    "index": 46
  },
  {
    "name": "Require(38) node_modules/_egg-watcher@3.1.0@egg-watcher/app.js",
    "start": 1574147294084,
    "end": 1574147294089,
    "duration": 5,
    "pid": 44400,
    "index": 47
  },
  {
    "name": "Require(39) node_modules/_egg-schedule@3.6.4@egg-schedule/app.js",
    "start": 1574147294089,
    "end": 1574147294092,
    "duration": 3,
    "pid": 44400,
    "index": 48
  },
  {
    "name": "Require(40) node_modules/_egg-multipart@2.9.1@egg-multipart/app.js",
    "start": 1574147294092,
    "end": 1574147294095,
    "duration": 3,
    "pid": 44400,
    "index": 49
  },
  {
    "name": "Require(41) node_modules/_egg-development@2.4.3@egg-development/app.js",
    "start": 1574147294096,
    "end": 1574147294096,
    "duration": 0,
    "pid": 44400,
    "index": 50
  },
  {
    "name": "Require(42) node_modules/_egg-logrotator@3.1.0@egg-logrotator/app.js",
    "start": 1574147294097,
    "end": 1574147294097,
    "duration": 0,
    "pid": 44400,
    "index": 51
  },
  {
    "name": "Require(43) node_modules/_egg-static@2.2.0@egg-static/app.js",
    "start": 1574147294097,
    "end": 1574147294097,
    "duration": 0,
    "pid": 44400,
    "index": 52
  },
  {
    "name": "Before Start in node_modules/_egg-watcher@3.1.0@egg-watcher/lib/init.js:15:14",
    "start": 1574147294117,
    "end": 1574147294528,
    "duration": 411,
    "pid": 44400,
    "index": 53
  },
  {
    "name": "Load Service",
    "start": 1574147294160,
    "end": 1574147294172,
    "duration": 12,
    "pid": 44400,
    "index": 54
  },
  {
    "name": "Load \"service\" to Context",
    "start": 1574147294160,
    "end": 1574147294172,
    "duration": 12,
    "pid": 44400,
    "index": 55
  },
  {
    "name": "Load Middleware",
    "start": 1574147294172,
    "end": 1574147294460,
    "duration": 288,
    "pid": 44400,
    "index": 56
  },
  {
    "name": "Load \"middlewares\" to Application",
    "start": 1574147294173,
    "end": 1574147294439,
    "duration": 266,
    "pid": 44400,
    "index": 57
  },
  {
    "name": "Load Controller",
    "start": 1574147294460,
    "end": 1574147294467,
    "duration": 7,
    "pid": 44400,
    "index": 58
  },
  {
    "name": "Load \"controller\" to Application",
    "start": 1574147294461,
    "end": 1574147294467,
    "duration": 6,
    "pid": 44400,
    "index": 59
  },
  {
    "name": "Load Router",
    "start": 1574147294467,
    "end": 1574147294484,
    "duration": 17,
    "pid": 44400,
    "index": 60
  },
  {
    "name": "Require(44) app/router.js",
    "start": 1574147294468,
    "end": 1574147294468,
    "duration": 0,
    "pid": 44400,
    "index": 61
  },
  {
    "name": "Before Start in node_modules/_egg-core@4.17.3@egg-core/lib/egg.js:303:10",
    "start": 1574147294469,
    "end": 1574147294506,
    "duration": 37,
    "pid": 44400,
    "index": 62
  }
]