[
  {
    "name": "Application Start",
    "start": 1574146768449,
    "end": 1574146769180,
    "duration": 731,
    "pid": 153100,
    "index": 0
  },
  {
    "name": "Load Plugin",
    "start": 1574146768460,
    "end": 1574146768502,
    "duration": 42,
    "pid": 153100,
    "index": 1
  },
  {
    "name": "Load Config",
    "start": 1574146768502,
    "end": 1574146768552,
    "duration": 50,
    "pid": 153100,
    "index": 2
  },
  {
    "name": "Require(0) config/config.default.js",
    "start": 1574146768504,
    "end": 1574146768505,
    "duration": 1,
    "pid": 153100,
    "index": 3
  },
  {
    "name": "Require(1) node_modules/_egg-session@3.1.0@egg-session/config/config.default.js",
    "start": 1574146768510,
    "end": 1574146768511,
    "duration": 1,
    "pid": 153100,
    "index": 4
  },
  {
    "name": "Require(2) node_modules/_egg-security@2.7.1@egg-security/config/config.default.js",
    "start": 1574146768512,
    "end": 1574146768513,
    "duration": 1,
    "pid": 153100,
    "index": 5
  },
  {
    "name": "Require(3) node_modules/_egg-jsonp@2.0.0@egg-jsonp/config/config.default.js",
    "start": 1574146768515,
    "end": 1574146768516,
    "duration": 1,
    "pid": 153100,
    "index": 6
  },
  {
    "name": "Require(4) node_modules/_egg-onerror@2.1.0@egg-onerror/config/config.default.js",
    "start": 1574146768517,
    "end": 1574146768517,
    "duration": 0,
    "pid": 153100,
    "index": 7
  },
  {
    "name": "Require(5) node_modules/_egg-i18n@2.1.1@egg-i18n/config/config.default.js",
    "start": 1574146768518,
    "end": 1574146768519,
    "duration": 1,
    "pid": 153100,
    "index": 8
  },
  {
    "name": "Require(6) node_modules/_egg-watcher@3.1.0@egg-watcher/config/config.default.js",
    "start": 1574146768521,
    "end": 1574146768521,
    "duration": 0,
    "pid": 153100,
    "index": 9
  },
  {
    "name": "Require(7) node_modules/_egg-schedule@3.6.4@egg-schedule/config/config.default.js",
    "start": 1574146768522,
    "end": 1574146768523,
    "duration": 1,
    "pid": 153100,
    "index": 10
  },
  {
    "name": "Require(8) node_modules/_egg-multipart@2.9.1@egg-multipart/config/config.default.js",
    "start": 1574146768524,
    "end": 1574146768525,
    "duration": 1,
    "pid": 153100,
    "index": 11
  },
  {
    "name": "Require(9) node_modules/_egg-development@2.4.3@egg-development/config/config.default.js",
    "start": 1574146768526,
    "end": 1574146768527,
    "duration": 1,
    "pid": 153100,
    "index": 12
  },
  {
    "name": "Require(10) node_modules/_egg-logrotator@3.1.0@egg-logrotator/config/config.default.js",
    "start": 1574146768528,
    "end": 1574146768528,
    "duration": 0,
    "pid": 153100,
    "index": 13
  },
  {
    "name": "Require(11) node_modules/_egg-static@2.2.0@egg-static/config/config.default.js",
    "start": 1574146768529,
    "end": 1574146768530,
    "duration": 1,
    "pid": 153100,
    "index": 14
  },
  {
    "name": "Require(12) node_modules/_egg-view@2.1.2@egg-view/config/config.default.js",
    "start": 1574146768531,
    "end": 1574146768532,
    "duration": 1,
    "pid": 153100,
    "index": 15
  },
  {
    "name": "Require(13) node_modules/_egg@2.25.0@egg/config/config.default.js",
    "start": 1574146768533,
    "end": 1574146768534,
    "duration": 1,
    "pid": 153100,
    "index": 16
  },
  {
    "name": "Require(14) config/config.default.js",
    "start": 1574146768538,
    "end": 1574146768538,
    "duration": 0,
    "pid": 153100,
    "index": 17
  },
  {
    "name": "Require(15) node_modules/_egg-security@2.7.1@egg-security/config/config.local.js",
    "start": 1574146768540,
    "end": 1574146768541,
    "duration": 1,
    "pid": 153100,
    "index": 18
  },
  {
    "name": "Require(16) node_modules/_egg-watcher@3.1.0@egg-watcher/config/config.local.js",
    "start": 1574146768544,
    "end": 1574146768544,
    "duration": 0,
    "pid": 153100,
    "index": 19
  },
  {
    "name": "Require(17) node_modules/_egg-view@2.1.2@egg-view/config/config.local.js",
    "start": 1574146768549,
    "end": 1574146768550,
    "duration": 1,
    "pid": 153100,
    "index": 20
  },
  {
    "name": "Require(18) node_modules/_egg@2.25.0@egg/config/config.local.js",
    "start": 1574146768551,
    "end": 1574146768552,
    "duration": 1,
    "pid": 153100,
    "index": 21
  },
  {
    "name": "Load extend/application.js",
    "start": 1574146768556,
    "end": 1574146768593,
    "duration": 37,
    "pid": 153100,
    "index": 22
  },
  {
    "name": "Require(19) node_modules/_egg-session@3.1.0@egg-session/app/extend/application.js",
    "start": 1574146768558,
    "end": 1574146768559,
    "duration": 1,
    "pid": 153100,
    "index": 23
  },
  {
    "name": "Require(20) node_modules/_egg-security@2.7.1@egg-security/app/extend/application.js",
    "start": 1574146768560,
    "end": 1574146768563,
    "duration": 3,
    "pid": 153100,
    "index": 24
  },
  {
    "name": "Require(21) node_modules/_egg-jsonp@2.0.0@egg-jsonp/app/extend/application.js",
    "start": 1574146768564,
    "end": 1574146768568,
    "duration": 4,
    "pid": 153100,
    "index": 25
  },
  {
    "name": "Require(22) node_modules/_egg-logrotator@3.1.0@egg-logrotator/app/extend/application.js",
    "start": 1574146768572,
    "end": 1574146768578,
    "duration": 6,
    "pid": 153100,
    "index": 26
  },
  {
    "name": "Require(23) node_modules/_egg-view@2.1.2@egg-view/app/extend/application.js",
    "start": 1574146768580,
    "end": 1574146768585,
    "duration": 5,
    "pid": 153100,
    "index": 27
  },
  {
    "name": "Load extend/request.js",
    "start": 1574146768594,
    "end": 1574146768611,
    "duration": 17,
    "pid": 153100,
    "index": 28
  },
  {
    "name": "Require(24) node_modules/_egg@2.25.0@egg/app/extend/request.js",
    "start": 1574146768601,
    "end": 1574146768604,
    "duration": 3,
    "pid": 153100,
    "index": 29
  },
  {
    "name": "Load extend/response.js",
    "start": 1574146768611,
    "end": 1574146768628,
    "duration": 17,
    "pid": 153100,
    "index": 30
  },
  {
    "name": "Require(25) node_modules/_egg@2.25.0@egg/app/extend/response.js",
    "start": 1574146768616,
    "end": 1574146768621,
    "duration": 5,
    "pid": 153100,
    "index": 31
  },
  {
    "name": "Load extend/context.js",
    "start": 1574146768628,
    "end": 1574146768769,
    "duration": 141,
    "pid": 153100,
    "index": 32
  },
  {
    "name": "Require(26) node_modules/_egg-security@2.7.1@egg-security/app/extend/context.js",
    "start": 1574146768629,
    "end": 1574146768653,
    "duration": 24,
    "pid": 153100,
    "index": 33
  },
  {
    "name": "Require(27) node_modules/_egg-jsonp@2.0.0@egg-jsonp/app/extend/context.js",
    "start": 1574146768654,
    "end": 1574146768658,
    "duration": 4,
    "pid": 153100,
    "index": 34
  },
  {
    "name": "Require(28) node_modules/_egg-i18n@2.1.1@egg-i18n/app/extend/context.js",
    "start": 1574146768660,
    "end": 1574146768661,
    "duration": 1,
    "pid": 153100,
    "index": 35
  },
  {
    "name": "Require(29) node_modules/_egg-multipart@2.9.1@egg-multipart/app/extend/context.js",
    "start": 1574146768663,
    "end": 1574146768752,
    "duration": 89,
    "pid": 153100,
    "index": 36
  },
  {
    "name": "Require(30) node_modules/_egg-view@2.1.2@egg-view/app/extend/context.js",
    "start": 1574146768754,
    "end": 1574146768756,
    "duration": 2,
    "pid": 153100,
    "index": 37
  },
  {
    "name": "Require(31) node_modules/_egg@2.25.0@egg/app/extend/context.js",
    "start": 1574146768757,
    "end": 1574146768764,
    "duration": 7,
    "pid": 153100,
    "index": 38
  },
  {
    "name": "Load extend/helper.js",
    "start": 1574146768770,
    "end": 1574146768820,
    "duration": 50,
    "pid": 153100,
    "index": 39
  },
  {
    "name": "Require(32) node_modules/_egg-security@2.7.1@egg-security/app/extend/helper.js",
    "start": 1574146768771,
    "end": 1574146768808,
    "duration": 37,
    "pid": 153100,
    "index": 40
  },
  {
    "name": "Require(33) node_modules/_egg@2.25.0@egg/app/extend/helper.js",
    "start": 1574146768813,
    "end": 1574146768814,
    "duration": 1,
    "pid": 153100,
    "index": 41
  },
  {
    "name": "Load app.js",
    "start": 1574146768821,
    "end": 1574146768888,
    "duration": 67,
    "pid": 153100,
    "index": 42
  },
  {
    "name": "Require(34) node_modules/_egg-session@3.1.0@egg-session/app.js",
    "start": 1574146768821,
    "end": 1574146768822,
    "duration": 1,
    "pid": 153100,
    "index": 43
  },
  {
    "name": "Require(35) node_modules/_egg-security@2.7.1@egg-security/app.js",
    "start": 1574146768823,
    "end": 1574146768827,
    "duration": 4,
    "pid": 153100,
    "index": 44
  },
  {
    "name": "Require(36) node_modules/_egg-onerror@2.1.0@egg-onerror/app.js",
    "start": 1574146768828,
    "end": 1574146768849,
    "duration": 21,
    "pid": 153100,
    "index": 45
  },
  {
    "name": "Require(37) node_modules/_egg-i18n@2.1.1@egg-i18n/app.js",
    "start": 1574146768850,
    "end": 1574146768869,
    "duration": 19,
    "pid": 153100,
    "index": 46
  },
  {
    "name": "Require(38) node_modules/_egg-watcher@3.1.0@egg-watcher/app.js",
    "start": 1574146768870,
    "end": 1574146768877,
    "duration": 7,
    "pid": 153100,
    "index": 47
  },
  {
    "name": "Require(39) node_modules/_egg-schedule@3.6.4@egg-schedule/app.js",
    "start": 1574146768878,
    "end": 1574146768880,
    "duration": 2,
    "pid": 153100,
    "index": 48
  },
  {
    "name": "Require(40) node_modules/_egg-multipart@2.9.1@egg-multipart/app.js",
    "start": 1574146768881,
    "end": 1574146768884,
    "duration": 3,
    "pid": 153100,
    "index": 49
  },
  {
    "name": "Require(41) node_modules/_egg-development@2.4.3@egg-development/app.js",
    "start": 1574146768885,
    "end": 1574146768885,
    "duration": 0,
    "pid": 153100,
    "index": 50
  },
  {
    "name": "Require(42) node_modules/_egg-logrotator@3.1.0@egg-logrotator/app.js",
    "start": 1574146768885,
    "end": 1574146768886,
    "duration": 1,
    "pid": 153100,
    "index": 51
  },
  {
    "name": "Require(43) node_modules/_egg-static@2.2.0@egg-static/app.js",
    "start": 1574146768886,
    "end": 1574146768887,
    "duration": 1,
    "pid": 153100,
    "index": 52
  },
  {
    "name": "Before Start in node_modules/_egg-watcher@3.1.0@egg-watcher/lib/init.js:15:14",
    "start": 1574146768906,
    "end": 1574146769180,
    "duration": 274,
    "pid": 153100,
    "index": 53
  },
  {
    "name": "Load Service",
    "start": 1574146768953,
    "end": 1574146768960,
    "duration": 7,
    "pid": 153100,
    "index": 54
  },
  {
    "name": "Load \"service\" to Context",
    "start": 1574146768953,
    "end": 1574146768960,
    "duration": 7,
    "pid": 153100,
    "index": 55
  },
  {
    "name": "Load Middleware",
    "start": 1574146768961,
    "end": 1574146769080,
    "duration": 119,
    "pid": 153100,
    "index": 56
  },
  {
    "name": "Load \"middlewares\" to Application",
    "start": 1574146768961,
    "end": 1574146769065,
    "duration": 104,
    "pid": 153100,
    "index": 57
  },
  {
    "name": "Load Controller",
    "start": 1574146769080,
    "end": 1574146769132,
    "duration": 52,
    "pid": 153100,
    "index": 58
  },
  {
    "name": "Load \"controller\" to Application",
    "start": 1574146769081,
    "end": 1574146769132,
    "duration": 51,
    "pid": 153100,
    "index": 59
  },
  {
    "name": "Load Router",
    "start": 1574146769132,
    "end": 1574146769143,
    "duration": 11,
    "pid": 153100,
    "index": 60
  },
  {
    "name": "Require(44) app/router.js",
    "start": 1574146769132,
    "end": 1574146769133,
    "duration": 1,
    "pid": 153100,
    "index": 61
  },
  {
    "name": "Before Start in node_modules/_egg-core@4.17.3@egg-core/lib/egg.js:303:10",
    "start": 1574146769133,
    "end": 1574146769162,
    "duration": 29,
    "pid": 153100,
    "index": 62
  }
]