[
  {
    "name": "Application Start",
    "start": 1574146765212,
    "end": 1574146766164,
    "duration": 952,
    "pid": 153424,
    "index": 0
  },
  {
    "name": "Load Plugin",
    "start": 1574146765226,
    "end": 1574146765270,
    "duration": 44,
    "pid": 153424,
    "index": 1
  },
  {
    "name": "Load Config",
    "start": 1574146765270,
    "end": 1574146765314,
    "duration": 44,
    "pid": 153424,
    "index": 2
  },
  {
    "name": "Require(0) config/config.default.js",
    "start": 1574146765273,
    "end": 1574146765273,
    "duration": 0,
    "pid": 153424,
    "index": 3
  },
  {
    "name": "Require(1) node_modules/_egg-session@3.1.0@egg-session/config/config.default.js",
    "start": 1574146765277,
    "end": 1574146765278,
    "duration": 1,
    "pid": 153424,
    "index": 4
  },
  {
    "name": "Require(2) node_modules/_egg-security@2.7.1@egg-security/config/config.default.js",
    "start": 1574146765279,
    "end": 1574146765279,
    "duration": 0,
    "pid": 153424,
    "index": 5
  },
  {
    "name": "Require(3) node_modules/_egg-jsonp@2.0.0@egg-jsonp/config/config.default.js",
    "start": 1574146765282,
    "end": 1574146765283,
    "duration": 1,
    "pid": 153424,
    "index": 6
  },
  {
    "name": "Require(4) node_modules/_egg-onerror@2.1.0@egg-onerror/config/config.default.js",
    "start": 1574146765284,
    "end": 1574146765284,
    "duration": 0,
    "pid": 153424,
    "index": 7
  },
  {
    "name": "Require(5) node_modules/_egg-i18n@2.1.1@egg-i18n/config/config.default.js",
    "start": 1574146765285,
    "end": 1574146765286,
    "duration": 1,
    "pid": 153424,
    "index": 8
  },
  {
    "name": "Require(6) node_modules/_egg-watcher@3.1.0@egg-watcher/config/config.default.js",
    "start": 1574146765288,
    "end": 1574146765288,
    "duration": 0,
    "pid": 153424,
    "index": 9
  },
  {
    "name": "Require(7) node_modules/_egg-schedule@3.6.4@egg-schedule/config/config.default.js",
    "start": 1574146765289,
    "end": 1574146765290,
    "duration": 1,
    "pid": 153424,
    "index": 10
  },
  {
    "name": "Require(8) node_modules/_egg-multipart@2.9.1@egg-multipart/config/config.default.js",
    "start": 1574146765291,
    "end": 1574146765292,
    "duration": 1,
    "pid": 153424,
    "index": 11
  },
  {
    "name": "Require(9) node_modules/_egg-development@2.4.3@egg-development/config/config.default.js",
    "start": 1574146765294,
    "end": 1574146765294,
    "duration": 0,
    "pid": 153424,
    "index": 12
  },
  {
    "name": "Require(10) node_modules/_egg-logrotator@3.1.0@egg-logrotator/config/config.default.js",
    "start": 1574146765296,
    "end": 1574146765296,
    "duration": 0,
    "pid": 153424,
    "index": 13
  },
  {
    "name": "Require(11) node_modules/_egg-static@2.2.0@egg-static/config/config.default.js",
    "start": 1574146765297,
    "end": 1574146765298,
    "duration": 1,
    "pid": 153424,
    "index": 14
  },
  {
    "name": "Require(12) node_modules/_egg-view@2.1.2@egg-view/config/config.default.js",
    "start": 1574146765299,
    "end": 1574146765300,
    "duration": 1,
    "pid": 153424,
    "index": 15
  },
  {
    "name": "Require(13) node_modules/_egg@2.25.0@egg/config/config.default.js",
    "start": 1574146765301,
    "end": 1574146765303,
    "duration": 2,
    "pid": 153424,
    "index": 16
  },
  {
    "name": "Require(14) config/config.default.js",
    "start": 1574146765306,
    "end": 1574146765306,
    "duration": 0,
    "pid": 153424,
    "index": 17
  },
  {
    "name": "Require(15) node_modules/_egg-security@2.7.1@egg-security/config/config.local.js",
    "start": 1574146765307,
    "end": 1574146765307,
    "duration": 0,
    "pid": 153424,
    "index": 18
  },
  {
    "name": "Require(16) node_modules/_egg-watcher@3.1.0@egg-watcher/config/config.local.js",
    "start": 1574146765309,
    "end": 1574146765309,
    "duration": 0,
    "pid": 153424,
    "index": 19
  },
  {
    "name": "Require(17) node_modules/_egg-view@2.1.2@egg-view/config/config.local.js",
    "start": 1574146765312,
    "end": 1574146765312,
    "duration": 0,
    "pid": 153424,
    "index": 20
  },
  {
    "name": "Require(18) node_modules/_egg@2.25.0@egg/config/config.local.js",
    "start": 1574146765313,
    "end": 1574146765314,
    "duration": 1,
    "pid": 153424,
    "index": 21
  },
  {
    "name": "Load extend/application.js",
    "start": 1574146765321,
    "end": 1574146765361,
    "duration": 40,
    "pid": 153424,
    "index": 22
  },
  {
    "name": "Require(19) node_modules/_egg-session@3.1.0@egg-session/app/extend/application.js",
    "start": 1574146765322,
    "end": 1574146765323,
    "duration": 1,
    "pid": 153424,
    "index": 23
  },
  {
    "name": "Require(20) node_modules/_egg-security@2.7.1@egg-security/app/extend/application.js",
    "start": 1574146765325,
    "end": 1574146765327,
    "duration": 2,
    "pid": 153424,
    "index": 24
  },
  {
    "name": "Require(21) node_modules/_egg-jsonp@2.0.0@egg-jsonp/app/extend/application.js",
    "start": 1574146765327,
    "end": 1574146765332,
    "duration": 5,
    "pid": 153424,
    "index": 25
  },
  {
    "name": "Require(22) node_modules/_egg-logrotator@3.1.0@egg-logrotator/app/extend/application.js",
    "start": 1574146765336,
    "end": 1574146765341,
    "duration": 5,
    "pid": 153424,
    "index": 26
  },
  {
    "name": "Require(23) node_modules/_egg-view@2.1.2@egg-view/app/extend/application.js",
    "start": 1574146765343,
    "end": 1574146765350,
    "duration": 7,
    "pid": 153424,
    "index": 27
  },
  {
    "name": "Load extend/request.js",
    "start": 1574146765362,
    "end": 1574146765380,
    "duration": 18,
    "pid": 153424,
    "index": 28
  },
  {
    "name": "Require(24) node_modules/_egg@2.25.0@egg/app/extend/request.js",
    "start": 1574146765368,
    "end": 1574146765371,
    "duration": 3,
    "pid": 153424,
    "index": 29
  },
  {
    "name": "Load extend/response.js",
    "start": 1574146765380,
    "end": 1574146765396,
    "duration": 16,
    "pid": 153424,
    "index": 30
  },
  {
    "name": "Require(25) node_modules/_egg@2.25.0@egg/app/extend/response.js",
    "start": 1574146765384,
    "end": 1574146765388,
    "duration": 4,
    "pid": 153424,
    "index": 31
  },
  {
    "name": "Load extend/context.js",
    "start": 1574146765396,
    "end": 1574146765581,
    "duration": 185,
    "pid": 153424,
    "index": 32
  },
  {
    "name": "Require(26) node_modules/_egg-security@2.7.1@egg-security/app/extend/context.js",
    "start": 1574146765398,
    "end": 1574146765424,
    "duration": 26,
    "pid": 153424,
    "index": 33
  },
  {
    "name": "Require(27) node_modules/_egg-jsonp@2.0.0@egg-jsonp/app/extend/context.js",
    "start": 1574146765424,
    "end": 1574146765427,
    "duration": 3,
    "pid": 153424,
    "index": 34
  },
  {
    "name": "Require(28) node_modules/_egg-i18n@2.1.1@egg-i18n/app/extend/context.js",
    "start": 1574146765430,
    "end": 1574146765430,
    "duration": 0,
    "pid": 153424,
    "index": 35
  },
  {
    "name": "Require(29) node_modules/_egg-multipart@2.9.1@egg-multipart/app/extend/context.js",
    "start": 1574146765433,
    "end": 1574146765550,
    "duration": 117,
    "pid": 153424,
    "index": 36
  },
  {
    "name": "Require(30) node_modules/_egg-view@2.1.2@egg-view/app/extend/context.js",
    "start": 1574146765553,
    "end": 1574146765557,
    "duration": 4,
    "pid": 153424,
    "index": 37
  },
  {
    "name": "Require(31) node_modules/_egg@2.25.0@egg/app/extend/context.js",
    "start": 1574146765558,
    "end": 1574146765571,
    "duration": 13,
    "pid": 153424,
    "index": 38
  },
  {
    "name": "Load extend/helper.js",
    "start": 1574146765581,
    "end": 1574146765654,
    "duration": 73,
    "pid": 153424,
    "index": 39
  },
  {
    "name": "Require(32) node_modules/_egg-security@2.7.1@egg-security/app/extend/helper.js",
    "start": 1574146765582,
    "end": 1574146765633,
    "duration": 51,
    "pid": 153424,
    "index": 40
  },
  {
    "name": "Require(33) node_modules/_egg@2.25.0@egg/app/extend/helper.js",
    "start": 1574146765642,
    "end": 1574146765643,
    "duration": 1,
    "pid": 153424,
    "index": 41
  },
  {
    "name": "Load app.js",
    "start": 1574146765655,
    "end": 1574146765739,
    "duration": 84,
    "pid": 153424,
    "index": 42
  },
  {
    "name": "Require(34) node_modules/_egg-session@3.1.0@egg-session/app.js",
    "start": 1574146765657,
    "end": 1574146765658,
    "duration": 1,
    "pid": 153424,
    "index": 43
  },
  {
    "name": "Require(35) node_modules/_egg-security@2.7.1@egg-security/app.js",
    "start": 1574146765660,
    "end": 1574146765665,
    "duration": 5,
    "pid": 153424,
    "index": 44
  },
  {
    "name": "Require(36) node_modules/_egg-onerror@2.1.0@egg-onerror/app.js",
    "start": 1574146765666,
    "end": 1574146765690,
    "duration": 24,
    "pid": 153424,
    "index": 45
  },
  {
    "name": "Require(37) node_modules/_egg-i18n@2.1.1@egg-i18n/app.js",
    "start": 1574146765691,
    "end": 1574146765710,
    "duration": 19,
    "pid": 153424,
    "index": 46
  },
  {
    "name": "Require(38) node_modules/_egg-watcher@3.1.0@egg-watcher/app.js",
    "start": 1574146765711,
    "end": 1574146765719,
    "duration": 8,
    "pid": 153424,
    "index": 47
  },
  {
    "name": "Require(39) node_modules/_egg-schedule@3.6.4@egg-schedule/app.js",
    "start": 1574146765721,
    "end": 1574146765725,
    "duration": 4,
    "pid": 153424,
    "index": 48
  },
  {
    "name": "Require(40) node_modules/_egg-multipart@2.9.1@egg-multipart/app.js",
    "start": 1574146765726,
    "end": 1574146765732,
    "duration": 6,
    "pid": 153424,
    "index": 49
  },
  {
    "name": "Require(41) node_modules/_egg-development@2.4.3@egg-development/app.js",
    "start": 1574146765733,
    "end": 1574146765734,
    "duration": 1,
    "pid": 153424,
    "index": 50
  },
  {
    "name": "Require(42) node_modules/_egg-logrotator@3.1.0@egg-logrotator/app.js",
    "start": 1574146765734,
    "end": 1574146765735,
    "duration": 1,
    "pid": 153424,
    "index": 51
  },
  {
    "name": "Require(43) node_modules/_egg-static@2.2.0@egg-static/app.js",
    "start": 1574146765736,
    "end": 1574146765736,
    "duration": 0,
    "pid": 153424,
    "index": 52
  },
  {
    "name": "Before Start in node_modules/_egg-watcher@3.1.0@egg-watcher/lib/init.js:15:14",
    "start": 1574146765768,
    "end": 1574146766163,
    "duration": 395,
    "pid": 153424,
    "index": 53
  },
  {
    "name": "Load Service",
    "start": 1574146765854,
    "end": 1574146765865,
    "duration": 11,
    "pid": 153424,
    "index": 54
  },
  {
    "name": "Load \"service\" to Context",
    "start": 1574146765854,
    "end": 1574146765865,
    "duration": 11,
    "pid": 153424,
    "index": 55
  },
  {
    "name": "Load Middleware",
    "start": 1574146765866,
    "end": 1574146766037,
    "duration": 171,
    "pid": 153424,
    "index": 56
  },
  {
    "name": "Load \"middlewares\" to Application",
    "start": 1574146765866,
    "end": 1574146766016,
    "duration": 150,
    "pid": 153424,
    "index": 57
  },
  {
    "name": "Load Controller",
    "start": 1574146766037,
    "end": 1574146766119,
    "duration": 82,
    "pid": 153424,
    "index": 58
  },
  {
    "name": "Load \"controller\" to Application",
    "start": 1574146766037,
    "end": 1574146766119,
    "duration": 82,
    "pid": 153424,
    "index": 59
  },
  {
    "name": "Load Router",
    "start": 1574146766119,
    "end": 1574146766131,
    "duration": 12,
    "pid": 153424,
    "index": 60
  },
  {
    "name": "Require(44) app/router.js",
    "start": 1574146766120,
    "end": 1574146766120,
    "duration": 0,
    "pid": 153424,
    "index": 61
  },
  {
    "name": "Before Start in node_modules/_egg-core@4.17.3@egg-core/lib/egg.js:303:10",
    "start": 1574146766121,
    "end": 1574146766147,
    "duration": 26,
    "pid": 153424,
    "index": 62
  }
]