[
  {
    "name": "Application Start",
    "start": 1574147158691,
    "end": 1574147159430,
    "duration": 739,
    "pid": 99444,
    "index": 0
  },
  {
    "name": "Load Plugin",
    "start": 1574147158702,
    "end": 1574147158739,
    "duration": 37,
    "pid": 99444,
    "index": 1
  },
  {
    "name": "Load Config",
    "start": 1574147158740,
    "end": 1574147158780,
    "duration": 40,
    "pid": 99444,
    "index": 2
  },
  {
    "name": "Require(0) config/config.default.js",
    "start": 1574147158741,
    "end": 1574147158742,
    "duration": 1,
    "pid": 99444,
    "index": 3
  },
  {
    "name": "Require(1) node_modules/_egg-session@3.1.0@egg-session/config/config.default.js",
    "start": 1574147158745,
    "end": 1574147158746,
    "duration": 1,
    "pid": 99444,
    "index": 4
  },
  {
    "name": "Require(2) node_modules/_egg-security@2.7.1@egg-security/config/config.default.js",
    "start": 1574147158747,
    "end": 1574147158747,
    "duration": 0,
    "pid": 99444,
    "index": 5
  },
  {
    "name": "Require(3) node_modules/_egg-jsonp@2.0.0@egg-jsonp/config/config.default.js",
    "start": 1574147158750,
    "end": 1574147158751,
    "duration": 1,
    "pid": 99444,
    "index": 6
  },
  {
    "name": "Require(4) node_modules/_egg-onerror@2.1.0@egg-onerror/config/config.default.js",
    "start": 1574147158752,
    "end": 1574147158752,
    "duration": 0,
    "pid": 99444,
    "index": 7
  },
  {
    "name": "Require(5) node_modules/_egg-i18n@2.1.1@egg-i18n/config/config.default.js",
    "start": 1574147158753,
    "end": 1574147158754,
    "duration": 1,
    "pid": 99444,
    "index": 8
  },
  {
    "name": "Require(6) node_modules/_egg-watcher@3.1.0@egg-watcher/config/config.default.js",
    "start": 1574147158755,
    "end": 1574147158756,
    "duration": 1,
    "pid": 99444,
    "index": 9
  },
  {
    "name": "Require(7) node_modules/_egg-schedule@3.6.4@egg-schedule/config/config.default.js",
    "start": 1574147158757,
    "end": 1574147158757,
    "duration": 0,
    "pid": 99444,
    "index": 10
  },
  {
    "name": "Require(8) node_modules/_egg-multipart@2.9.1@egg-multipart/config/config.default.js",
    "start": 1574147158759,
    "end": 1574147158759,
    "duration": 0,
    "pid": 99444,
    "index": 11
  },
  {
    "name": "Require(9) node_modules/_egg-development@2.4.3@egg-development/config/config.default.js",
    "start": 1574147158761,
    "end": 1574147158762,
    "duration": 1,
    "pid": 99444,
    "index": 12
  },
  {
    "name": "Require(10) node_modules/_egg-logrotator@3.1.0@egg-logrotator/config/config.default.js",
    "start": 1574147158763,
    "end": 1574147158763,
    "duration": 0,
    "pid": 99444,
    "index": 13
  },
  {
    "name": "Require(11) node_modules/_egg-static@2.2.0@egg-static/config/config.default.js",
    "start": 1574147158764,
    "end": 1574147158765,
    "duration": 1,
    "pid": 99444,
    "index": 14
  },
  {
    "name": "Require(12) node_modules/_egg-view@2.1.2@egg-view/config/config.default.js",
    "start": 1574147158766,
    "end": 1574147158766,
    "duration": 0,
    "pid": 99444,
    "index": 15
  },
  {
    "name": "Require(13) node_modules/_egg@2.25.0@egg/config/config.default.js",
    "start": 1574147158767,
    "end": 1574147158768,
    "duration": 1,
    "pid": 99444,
    "index": 16
  },
  {
    "name": "Require(14) config/config.default.js",
    "start": 1574147158771,
    "end": 1574147158771,
    "duration": 0,
    "pid": 99444,
    "index": 17
  },
  {
    "name": "Require(15) node_modules/_egg-security@2.7.1@egg-security/config/config.local.js",
    "start": 1574147158772,
    "end": 1574147158773,
    "duration": 1,
    "pid": 99444,
    "index": 18
  },
  {
    "name": "Require(16) node_modules/_egg-watcher@3.1.0@egg-watcher/config/config.local.js",
    "start": 1574147158775,
    "end": 1574147158775,
    "duration": 0,
    "pid": 99444,
    "index": 19
  },
  {
    "name": "Require(17) node_modules/_egg-view@2.1.2@egg-view/config/config.local.js",
    "start": 1574147158778,
    "end": 1574147158778,
    "duration": 0,
    "pid": 99444,
    "index": 20
  },
  {
    "name": "Require(18) node_modules/_egg@2.25.0@egg/config/config.local.js",
    "start": 1574147158779,
    "end": 1574147158779,
    "duration": 0,
    "pid": 99444,
    "index": 21
  },
  {
    "name": "Load extend/application.js",
    "start": 1574147158783,
    "end": 1574147158827,
    "duration": 44,
    "pid": 99444,
    "index": 22
  },
  {
    "name": "Require(19) node_modules/_egg-session@3.1.0@egg-session/app/extend/application.js",
    "start": 1574147158785,
    "end": 1574147158785,
    "duration": 0,
    "pid": 99444,
    "index": 23
  },
  {
    "name": "Require(20) node_modules/_egg-security@2.7.1@egg-security/app/extend/application.js",
    "start": 1574147158786,
    "end": 1574147158789,
    "duration": 3,
    "pid": 99444,
    "index": 24
  },
  {
    "name": "Require(21) node_modules/_egg-jsonp@2.0.0@egg-jsonp/app/extend/application.js",
    "start": 1574147158790,
    "end": 1574147158794,
    "duration": 4,
    "pid": 99444,
    "index": 25
  },
  {
    "name": "Require(22) node_modules/_egg-logrotator@3.1.0@egg-logrotator/app/extend/application.js",
    "start": 1574147158799,
    "end": 1574147158809,
    "duration": 10,
    "pid": 99444,
    "index": 26
  },
  {
    "name": "Require(23) node_modules/_egg-view@2.1.2@egg-view/app/extend/application.js",
    "start": 1574147158811,
    "end": 1574147158817,
    "duration": 6,
    "pid": 99444,
    "index": 27
  },
  {
    "name": "Load extend/request.js",
    "start": 1574147158828,
    "end": 1574147158853,
    "duration": 25,
    "pid": 99444,
    "index": 28
  },
  {
    "name": "Require(24) node_modules/_egg@2.25.0@egg/app/extend/request.js",
    "start": 1574147158838,
    "end": 1574147158843,
    "duration": 5,
    "pid": 99444,
    "index": 29
  },
  {
    "name": "Load extend/response.js",
    "start": 1574147158853,
    "end": 1574147158879,
    "duration": 26,
    "pid": 99444,
    "index": 30
  },
  {
    "name": "Require(25) node_modules/_egg@2.25.0@egg/app/extend/response.js",
    "start": 1574147158862,
    "end": 1574147158869,
    "duration": 7,
    "pid": 99444,
    "index": 31
  },
  {
    "name": "Load extend/context.js",
    "start": 1574147158880,
    "end": 1574147159006,
    "duration": 126,
    "pid": 99444,
    "index": 32
  },
  {
    "name": "Require(26) node_modules/_egg-security@2.7.1@egg-security/app/extend/context.js",
    "start": 1574147158889,
    "end": 1574147158918,
    "duration": 29,
    "pid": 99444,
    "index": 33
  },
  {
    "name": "Require(27) node_modules/_egg-jsonp@2.0.0@egg-jsonp/app/extend/context.js",
    "start": 1574147158919,
    "end": 1574147158922,
    "duration": 3,
    "pid": 99444,
    "index": 34
  },
  {
    "name": "Require(28) node_modules/_egg-i18n@2.1.1@egg-i18n/app/extend/context.js",
    "start": 1574147158923,
    "end": 1574147158924,
    "duration": 1,
    "pid": 99444,
    "index": 35
  },
  {
    "name": "Require(29) node_modules/_egg-multipart@2.9.1@egg-multipart/app/extend/context.js",
    "start": 1574147158925,
    "end": 1574147158995,
    "duration": 70,
    "pid": 99444,
    "index": 36
  },
  {
    "name": "Require(30) node_modules/_egg-view@2.1.2@egg-view/app/extend/context.js",
    "start": 1574147158996,
    "end": 1574147158997,
    "duration": 1,
    "pid": 99444,
    "index": 37
  },
  {
    "name": "Require(31) node_modules/_egg@2.25.0@egg/app/extend/context.js",
    "start": 1574147158998,
    "end": 1574147159002,
    "duration": 4,
    "pid": 99444,
    "index": 38
  },
  {
    "name": "Load extend/helper.js",
    "start": 1574147159007,
    "end": 1574147159041,
    "duration": 34,
    "pid": 99444,
    "index": 39
  },
  {
    "name": "Require(32) node_modules/_egg-security@2.7.1@egg-security/app/extend/helper.js",
    "start": 1574147159008,
    "end": 1574147159032,
    "duration": 24,
    "pid": 99444,
    "index": 40
  },
  {
    "name": "Require(33) node_modules/_egg@2.25.0@egg/app/extend/helper.js",
    "start": 1574147159036,
    "end": 1574147159036,
    "duration": 0,
    "pid": 99444,
    "index": 41
  },
  {
    "name": "Load app.js",
    "start": 1574147159041,
    "end": 1574147159115,
    "duration": 74,
    "pid": 99444,
    "index": 42
  },
  {
    "name": "Require(34) node_modules/_egg-session@3.1.0@egg-session/app.js",
    "start": 1574147159042,
    "end": 1574147159042,
    "duration": 0,
    "pid": 99444,
    "index": 43
  },
  {
    "name": "Require(35) node_modules/_egg-security@2.7.1@egg-security/app.js",
    "start": 1574147159043,
    "end": 1574147159046,
    "duration": 3,
    "pid": 99444,
    "index": 44
  },
  {
    "name": "Require(36) node_modules/_egg-onerror@2.1.0@egg-onerror/app.js",
    "start": 1574147159048,
    "end": 1574147159070,
    "duration": 22,
    "pid": 99444,
    "index": 45
  },
  {
    "name": "Require(37) node_modules/_egg-i18n@2.1.1@egg-i18n/app.js",
    "start": 1574147159072,
    "end": 1574147159090,
    "duration": 18,
    "pid": 99444,
    "index": 46
  },
  {
    "name": "Require(38) node_modules/_egg-watcher@3.1.0@egg-watcher/app.js",
    "start": 1574147159091,
    "end": 1574147159100,
    "duration": 9,
    "pid": 99444,
    "index": 47
  },
  {
    "name": "Require(39) node_modules/_egg-schedule@3.6.4@egg-schedule/app.js",
    "start": 1574147159100,
    "end": 1574147159104,
    "duration": 4,
    "pid": 99444,
    "index": 48
  },
  {
    "name": "Require(40) node_modules/_egg-multipart@2.9.1@egg-multipart/app.js",
    "start": 1574147159105,
    "end": 1574147159109,
    "duration": 4,
    "pid": 99444,
    "index": 49
  },
  {
    "name": "Require(41) node_modules/_egg-development@2.4.3@egg-development/app.js",
    "start": 1574147159110,
    "end": 1574147159110,
    "duration": 0,
    "pid": 99444,
    "index": 50
  },
  {
    "name": "Require(42) node_modules/_egg-logrotator@3.1.0@egg-logrotator/app.js",
    "start": 1574147159111,
    "end": 1574147159112,
    "duration": 1,
    "pid": 99444,
    "index": 51
  },
  {
    "name": "Require(43) node_modules/_egg-static@2.2.0@egg-static/app.js",
    "start": 1574147159112,
    "end": 1574147159113,
    "duration": 1,
    "pid": 99444,
    "index": 52
  },
  {
    "name": "Before Start in node_modules/_egg-watcher@3.1.0@egg-watcher/lib/init.js:15:14",
    "start": 1574147159151,
    "end": 1574147159429,
    "duration": 278,
    "pid": 99444,
    "index": 53
  },
  {
    "name": "Load Service",
    "start": 1574147159204,
    "end": 1574147159211,
    "duration": 7,
    "pid": 99444,
    "index": 54
  },
  {
    "name": "Load \"service\" to Context",
    "start": 1574147159204,
    "end": 1574147159211,
    "duration": 7,
    "pid": 99444,
    "index": 55
  },
  {
    "name": "Load Middleware",
    "start": 1574147159211,
    "end": 1574147159387,
    "duration": 176,
    "pid": 99444,
    "index": 56
  },
  {
    "name": "Load \"middlewares\" to Application",
    "start": 1574147159211,
    "end": 1574147159373,
    "duration": 162,
    "pid": 99444,
    "index": 57
  },
  {
    "name": "Load Controller",
    "start": 1574147159388,
    "end": 1574147159392,
    "duration": 4,
    "pid": 99444,
    "index": 58
  },
  {
    "name": "Load \"controller\" to Application",
    "start": 1574147159388,
    "end": 1574147159392,
    "duration": 4,
    "pid": 99444,
    "index": 59
  },
  {
    "name": "Load Router",
    "start": 1574147159392,
    "end": 1574147159401,
    "duration": 9,
    "pid": 99444,
    "index": 60
  },
  {
    "name": "Require(44) app/router.js",
    "start": 1574147159392,
    "end": 1574147159393,
    "duration": 1,
    "pid": 99444,
    "index": 61
  },
  {
    "name": "Before Start in node_modules/_egg-core@4.17.3@egg-core/lib/egg.js:303:10",
    "start": 1574147159393,
    "end": 1574147159415,
    "duration": 22,
    "pid": 99444,
    "index": 62
  }
]