[
  {
    "name": "Application Start",
    "start": 1574146643414,
    "end": 1574146644043,
    "duration": 629,
    "pid": 154488,
    "index": 0
  },
  {
    "name": "Load Plugin",
    "start": 1574146643423,
    "end": 1574146643455,
    "duration": 32,
    "pid": 154488,
    "index": 1
  },
  {
    "name": "Load Config",
    "start": 1574146643455,
    "end": 1574146643487,
    "duration": 32,
    "pid": 154488,
    "index": 2
  },
  {
    "name": "Require(0) config/config.default.js",
    "start": 1574146643456,
    "end": 1574146643457,
    "duration": 1,
    "pid": 154488,
    "index": 3
  },
  {
    "name": "Require(1) node_modules/_egg-session@3.1.0@egg-session/config/config.default.js",
    "start": 1574146643460,
    "end": 1574146643460,
    "duration": 0,
    "pid": 154488,
    "index": 4
  },
  {
    "name": "Require(2) node_modules/_egg-security@2.7.1@egg-security/config/config.default.js",
    "start": 1574146643461,
    "end": 1574146643462,
    "duration": 1,
    "pid": 154488,
    "index": 5
  },
  {
    "name": "Require(3) node_modules/_egg-jsonp@2.0.0@egg-jsonp/config/config.default.js",
    "start": 1574146643463,
    "end": 1574146643464,
    "duration": 1,
    "pid": 154488,
    "index": 6
  },
  {
    "name": "Require(4) node_modules/_egg-onerror@2.1.0@egg-onerror/config/config.default.js",
    "start": 1574146643465,
    "end": 1574146643465,
    "duration": 0,
    "pid": 154488,
    "index": 7
  },
  {
    "name": "Require(5) node_modules/_egg-i18n@2.1.1@egg-i18n/config/config.default.js",
    "start": 1574146643466,
    "end": 1574146643467,
    "duration": 1,
    "pid": 154488,
    "index": 8
  },
  {
    "name": "Require(6) node_modules/_egg-watcher@3.1.0@egg-watcher/config/config.default.js",
    "start": 1574146643468,
    "end": 1574146643469,
    "duration": 1,
    "pid": 154488,
    "index": 9
  },
  {
    "name": "Require(7) node_modules/_egg-schedule@3.6.4@egg-schedule/config/config.default.js",
    "start": 1574146643470,
    "end": 1574146643471,
    "duration": 1,
    "pid": 154488,
    "index": 10
  },
  {
    "name": "Require(8) node_modules/_egg-multipart@2.9.1@egg-multipart/config/config.default.js",
    "start": 1574146643472,
    "end": 1574146643472,
    "duration": 0,
    "pid": 154488,
    "index": 11
  },
  {
    "name": "Require(9) node_modules/_egg-development@2.4.3@egg-development/config/config.default.js",
    "start": 1574146643474,
    "end": 1574146643474,
    "duration": 0,
    "pid": 154488,
    "index": 12
  },
  {
    "name": "Require(10) node_modules/_egg-logrotator@3.1.0@egg-logrotator/config/config.default.js",
    "start": 1574146643475,
    "end": 1574146643475,
    "duration": 0,
    "pid": 154488,
    "index": 13
  },
  {
    "name": "Require(11) node_modules/_egg-static@2.2.0@egg-static/config/config.default.js",
    "start": 1574146643476,
    "end": 1574146643476,
    "duration": 0,
    "pid": 154488,
    "index": 14
  },
  {
    "name": "Require(12) node_modules/_egg-view@2.1.2@egg-view/config/config.default.js",
    "start": 1574146643477,
    "end": 1574146643477,
    "duration": 0,
    "pid": 154488,
    "index": 15
  },
  {
    "name": "Require(13) node_modules/_egg@2.25.0@egg/config/config.default.js",
    "start": 1574146643478,
    "end": 1574146643479,
    "duration": 1,
    "pid": 154488,
    "index": 16
  },
  {
    "name": "Require(14) config/config.default.js",
    "start": 1574146643480,
    "end": 1574146643480,
    "duration": 0,
    "pid": 154488,
    "index": 17
  },
  {
    "name": "Require(15) node_modules/_egg-security@2.7.1@egg-security/config/config.local.js",
    "start": 1574146643481,
    "end": 1574146643482,
    "duration": 1,
    "pid": 154488,
    "index": 18
  },
  {
    "name": "Require(16) node_modules/_egg-watcher@3.1.0@egg-watcher/config/config.local.js",
    "start": 1574146643483,
    "end": 1574146643483,
    "duration": 0,
    "pid": 154488,
    "index": 19
  },
  {
    "name": "Require(17) node_modules/_egg-view@2.1.2@egg-view/config/config.local.js",
    "start": 1574146643485,
    "end": 1574146643486,
    "duration": 1,
    "pid": 154488,
    "index": 20
  },
  {
    "name": "Require(18) node_modules/_egg@2.25.0@egg/config/config.local.js",
    "start": 1574146643486,
    "end": 1574146643487,
    "duration": 1,
    "pid": 154488,
    "index": 21
  },
  {
    "name": "Load extend/application.js",
    "start": 1574146643489,
    "end": 1574146643508,
    "duration": 19,
    "pid": 154488,
    "index": 22
  },
  {
    "name": "Require(19) node_modules/_egg-session@3.1.0@egg-session/app/extend/application.js",
    "start": 1574146643490,
    "end": 1574146643490,
    "duration": 0,
    "pid": 154488,
    "index": 23
  },
  {
    "name": "Require(20) node_modules/_egg-security@2.7.1@egg-security/app/extend/application.js",
    "start": 1574146643491,
    "end": 1574146643492,
    "duration": 1,
    "pid": 154488,
    "index": 24
  },
  {
    "name": "Require(21) node_modules/_egg-jsonp@2.0.0@egg-jsonp/app/extend/application.js",
    "start": 1574146643493,
    "end": 1574146643495,
    "duration": 2,
    "pid": 154488,
    "index": 25
  },
  {
    "name": "Require(22) node_modules/_egg-logrotator@3.1.0@egg-logrotator/app/extend/application.js",
    "start": 1574146643497,
    "end": 1574146643501,
    "duration": 4,
    "pid": 154488,
    "index": 26
  },
  {
    "name": "Require(23) node_modules/_egg-view@2.1.2@egg-view/app/extend/application.js",
    "start": 1574146643502,
    "end": 1574146643504,
    "duration": 2,
    "pid": 154488,
    "index": 27
  },
  {
    "name": "Load extend/request.js",
    "start": 1574146643508,
    "end": 1574146643518,
    "duration": 10,
    "pid": 154488,
    "index": 28
  },
  {
    "name": "Require(24) node_modules/_egg@2.25.0@egg/app/extend/request.js",
    "start": 1574146643512,
    "end": 1574146643514,
    "duration": 2,
    "pid": 154488,
    "index": 29
  },
  {
    "name": "Load extend/response.js",
    "start": 1574146643518,
    "end": 1574146643528,
    "duration": 10,
    "pid": 154488,
    "index": 30
  },
  {
    "name": "Require(25) node_modules/_egg@2.25.0@egg/app/extend/response.js",
    "start": 1574146643521,
    "end": 1574146643525,
    "duration": 4,
    "pid": 154488,
    "index": 31
  },
  {
    "name": "Load extend/context.js",
    "start": 1574146643529,
    "end": 1574146643636,
    "duration": 107,
    "pid": 154488,
    "index": 32
  },
  {
    "name": "Require(26) node_modules/_egg-security@2.7.1@egg-security/app/extend/context.js",
    "start": 1574146643529,
    "end": 1574146643549,
    "duration": 20,
    "pid": 154488,
    "index": 33
  },
  {
    "name": "Require(27) node_modules/_egg-jsonp@2.0.0@egg-jsonp/app/extend/context.js",
    "start": 1574146643550,
    "end": 1574146643552,
    "duration": 2,
    "pid": 154488,
    "index": 34
  },
  {
    "name": "Require(28) node_modules/_egg-i18n@2.1.1@egg-i18n/app/extend/context.js",
    "start": 1574146643554,
    "end": 1574146643555,
    "duration": 1,
    "pid": 154488,
    "index": 35
  },
  {
    "name": "Require(29) node_modules/_egg-multipart@2.9.1@egg-multipart/app/extend/context.js",
    "start": 1574146643556,
    "end": 1574146643623,
    "duration": 67,
    "pid": 154488,
    "index": 36
  },
  {
    "name": "Require(30) node_modules/_egg-view@2.1.2@egg-view/app/extend/context.js",
    "start": 1574146643625,
    "end": 1574146643627,
    "duration": 2,
    "pid": 154488,
    "index": 37
  },
  {
    "name": "Require(31) node_modules/_egg@2.25.0@egg/app/extend/context.js",
    "start": 1574146643628,
    "end": 1574146643630,
    "duration": 2,
    "pid": 154488,
    "index": 38
  },
  {
    "name": "Load extend/helper.js",
    "start": 1574146643636,
    "end": 1574146643678,
    "duration": 42,
    "pid": 154488,
    "index": 39
  },
  {
    "name": "Require(32) node_modules/_egg-security@2.7.1@egg-security/app/extend/helper.js",
    "start": 1574146643640,
    "end": 1574146643671,
    "duration": 31,
    "pid": 154488,
    "index": 40
  },
  {
    "name": "Require(33) node_modules/_egg@2.25.0@egg/app/extend/helper.js",
    "start": 1574146643674,
    "end": 1574146643674,
    "duration": 0,
    "pid": 154488,
    "index": 41
  },
  {
    "name": "Load app.js",
    "start": 1574146643679,
    "end": 1574146643731,
    "duration": 52,
    "pid": 154488,
    "index": 42
  },
  {
    "name": "Require(34) node_modules/_egg-session@3.1.0@egg-session/app.js",
    "start": 1574146643679,
    "end": 1574146643680,
    "duration": 1,
    "pid": 154488,
    "index": 43
  },
  {
    "name": "Require(35) node_modules/_egg-security@2.7.1@egg-security/app.js",
    "start": 1574146643680,
    "end": 1574146643682,
    "duration": 2,
    "pid": 154488,
    "index": 44
  },
  {
    "name": "Require(36) node_modules/_egg-onerror@2.1.0@egg-onerror/app.js",
    "start": 1574146643683,
    "end": 1574146643698,
    "duration": 15,
    "pid": 154488,
    "index": 45
  },
  {
    "name": "Require(37) node_modules/_egg-i18n@2.1.1@egg-i18n/app.js",
    "start": 1574146643699,
    "end": 1574146643710,
    "duration": 11,
    "pid": 154488,
    "index": 46
  },
  {
    "name": "Require(38) node_modules/_egg-watcher@3.1.0@egg-watcher/app.js",
    "start": 1574146643711,
    "end": 1574146643718,
    "duration": 7,
    "pid": 154488,
    "index": 47
  },
  {
    "name": "Require(39) node_modules/_egg-schedule@3.6.4@egg-schedule/app.js",
    "start": 1574146643719,
    "end": 1574146643722,
    "duration": 3,
    "pid": 154488,
    "index": 48
  },
  {
    "name": "Require(40) node_modules/_egg-multipart@2.9.1@egg-multipart/app.js",
    "start": 1574146643723,
    "end": 1574146643727,
    "duration": 4,
    "pid": 154488,
    "index": 49
  },
  {
    "name": "Require(41) node_modules/_egg-development@2.4.3@egg-development/app.js",
    "start": 1574146643728,
    "end": 1574146643728,
    "duration": 0,
    "pid": 154488,
    "index": 50
  },
  {
    "name": "Require(42) node_modules/_egg-logrotator@3.1.0@egg-logrotator/app.js",
    "start": 1574146643728,
    "end": 1574146643729,
    "duration": 1,
    "pid": 154488,
    "index": 51
  },
  {
    "name": "Require(43) node_modules/_egg-static@2.2.0@egg-static/app.js",
    "start": 1574146643729,
    "end": 1574146643729,
    "duration": 0,
    "pid": 154488,
    "index": 52
  },
  {
    "name": "Before Start in node_modules/_egg-watcher@3.1.0@egg-watcher/lib/init.js:15:14",
    "start": 1574146643750,
    "end": 1574146644042,
    "duration": 292,
    "pid": 154488,
    "index": 53
  },
  {
    "name": "Load Service",
    "start": 1574146643792,
    "end": 1574146643802,
    "duration": 10,
    "pid": 154488,
    "index": 54
  },
  {
    "name": "Load \"service\" to Context",
    "start": 1574146643793,
    "end": 1574146643802,
    "duration": 9,
    "pid": 154488,
    "index": 55
  },
  {
    "name": "Load Middleware",
    "start": 1574146643803,
    "end": 1574146643938,
    "duration": 135,
    "pid": 154488,
    "index": 56
  },
  {
    "name": "Load \"middlewares\" to Application",
    "start": 1574146643803,
    "end": 1574146643923,
    "duration": 120,
    "pid": 154488,
    "index": 57
  },
  {
    "name": "Load Controller",
    "start": 1574146643938,
    "end": 1574146643995,
    "duration": 57,
    "pid": 154488,
    "index": 58
  },
  {
    "name": "Load \"controller\" to Application",
    "start": 1574146643938,
    "end": 1574146643995,
    "duration": 57,
    "pid": 154488,
    "index": 59
  },
  {
    "name": "Load Router",
    "start": 1574146643995,
    "end": 1574146644006,
    "duration": 11,
    "pid": 154488,
    "index": 60
  },
  {
    "name": "Require(44) app/router.js",
    "start": 1574146643996,
    "end": 1574146643996,
    "duration": 0,
    "pid": 154488,
    "index": 61
  },
  {
    "name": "Before Start in node_modules/_egg-core@4.17.3@egg-core/lib/egg.js:303:10",
    "start": 1574146643997,
    "end": 1574146644020,
    "duration": 23,
    "pid": 154488,
    "index": 62
  }
]